;orig_food_id;id_food_table;food_group;food_subgroup;nombre_primario;nombre_secundario;G_energy;G_protein;G_fiber, total dietary;G_carbohydrate;G_carbohydrate, by difference;G_fatty acids, total monounsaturated;G_fatty acids, total polyunsaturated;G_fatty acids, total saturated;G_sugars, total;G_total lipid (fat);G_ash;M_calcium;M_iron;M_magnesium;M_manganese;M_phosphorus;M_potassium;M_selenium;M_sodium;M_zinc;M_copper;V_vit b1;V_vit b2;V_vit b5;V_vit b6;V_vit b9;V_vit c;V_vit k;AE_alanine;AE_arginine;AE_aspartic acid;AE_cystine;AE_glutamine;AE_glycine;AE_proline;AE_serine;AE_tyrosine;ANE_histidine;ANE_isoleucine;ANE_leucine;ANE_lysine;ANE_methionine;ANE_phenylalanine;ANE_threonine;ANE_tryptophan;ANE_valine;OT_choline;Cluster
0;44;135;fruits;other fruits;date;date, dried;329.110899;2000.0;6400.0;71200.0;0.0;0.0;0.0;200.0;63900.0;0.0;1600.0;50.9;1.0;54.0;0.4;56.0;643.0;0.002;6.0;5.1;0.26;0.03;0.09;0.78;0.13;0.021;3.0;0.0;93.0;67.0;120.0;42.0;210.0;90.0;120.0;67.0;29.0;29.0;45.0;86.0;54.0;26.0;58.0;54.0;54.0;64.0;0.0;0
1;8172;270;cereals and cereal products;cereal products;breakfast cereal;cereals, farina, unenriched, dry;369.024857;10600.0;1900.0;0.0;78000.0;60.0;220.0;80.0;0.0;500.0;400.0;14.0;1.5;13.0;0.693;88.0;94.0;0.0235;3.0;0.53;0.079;0.06;0.1;0.416;0.058;0.024;0.0;0.0;311.0;390.0;433.0;299.0;3817.0;335.0;1165.0;499.0;278.0;215.0;409.0;724.0;203.0;165.0;514.0;280.0;136.0;451.0;0.0;1
2;35183;205;cereals and cereal products;cereals;corn;corn, dried, yellow (northern plains indians);419.0;14480.0;20500.0;0.0;66270.0;3750.0;4543.0;1974.0;21320.0;10640.0;2240.0;25.0;2.61;149.0;0.9;344.0;775.0;0.0565;4.0;3.06;0.293;0.261;0.181;1.59;1.11;0.111;0.0;0.0;1156.0;581.0;1013.0;200.0;2358.0;539.0;1047.0;732.0;465.0;313.0;485.0;1468.0;498.0;293.0;642.0;431.0;94.0;655.0;0.0;2
3;2024;420;herbs and spices;spices;white mustard;spices, mustard seed, ground;508.126195;26080.0;12200.0;0.0;28090.0;22518.0;10088.0;1989.0;6790.0;36240.0;4330.0;266.0;9.21;370.0;2.448;828.0;738.0;0.2081;13.0;6.08;0.645;0.805;0.261;0.81;0.397;0.162;7.1;0.0054;1173.0;1933.0;2435.0;680.0;5265.0;1587.0;2810.0;759.0;809.0;878.0;1183.0;2080.0;1844.0;483.0;1173.0;838.0;256.0;1509.0;122.7;3
4;12128;372;herbs and spices;other seeds;ginkgo nuts;nuts, ginkgo nuts, dried;348.0;10350.0;0.0;0.0;72450.0;739.0;737.0;381.0;0.0;2000.0;2800.0;20.0;1.6;53.0;0.22;269.0;998.0;0.0;13.0;0.67;0.536;0.43;0.176;1.345;0.641;0.106;29.3;0.0;591.0;1005.0;1298.0;55.0;2001.0;554.0;830.0;695.0;146.0;244.0;500.0;755.0;494.0;133.0;408.0;640.0;170.0;677.0;0.0;1
5;12021;42;herbs and spices;oilseed crops;safflower;seeds, safflower seed kernels, dried;517.0;16180.0;0.0;0.0;34290.0;4848.0;28223.0;3682.0;0.0;38450.0;5470.0;78.0;4.9;353.0;2.014;644.0;687.0;0.0;3.0;5.05;1.747;1.163;0.415;4.03;1.17;0.16;0.0;0.0;772.0;1749.0;1807.0;311.0;3699.0;1010.0;726.0;812.0;531.0;452.0;717.0;1154.0;534.0;284.0;806.0;586.0;183.0;1025.0;0.0;3
6;35137;205;cereals and cereal products;cereals;corn;cornmeal, yellow (navajo);384.0;9850.0;9400.0;0.0;72900.0;2143.0;2352.0;1043.0;1560.0;5880.0;1220.0;6.0;2.99;107.0;0.641;225.0;322.0;0.006;4.0;3.1;0.242;0.3;0.093;0.595;0.59;0.034;0.0;0.0002;769.0;421.0;662.0;184.0;1875.0;360.0;854.0;471.0;294.0;265.0;370.0;1275.0;301.0;230.0;499.0;307.0;50.0;494.0;0.0;1
7;52;81;fruits;other fruits;fig;fig, dried;260.994264;3300.0;9300.0;62900.0;0.0;0.0;0.0;159.0;52900.0;0.0;1900.0;193.0;2.2;92.0;0.51;83.1;1010.0;0.0;87.0;0.9;0.24;0.085;0.11;0.435;0.12;0.009;1.2;0.0;200.0;74.0;790.0;52.0;310.0;110.0;210.0;160.0;140.0;47.0;100.0;140.0;130.0;26.0;79.0;100.0;26.0;130.0;0.0;0
8;12220;101;herbs and spices;oilseed crops;flaxseed;seeds, flaxseed;534.0;18290.0;27300.0;0.0;28880.0;7527.0;28730.0;3663.0;1550.0;42160.0;3720.0;255.0;5.73;392.0;2.482;642.0;813.0;0.0254;30.0;4.34;1.22;1.644;0.161;0.985;0.473;0.087;0.6;0.0043;925.0;1925.0;2046.0;340.0;4039.0;1248.0;806.0;970.0;493.0;472.0;896.0;1235.0;862.0;370.0;957.0;766.0;297.0;1072.0;78.7;3
9;2019;186;herbs and spices;herbs;fenugreek;spices, fenugreek seed;323.135755;23000.0;24600.0;0.0;58350.0;0.0;0.0;1460.0;0.0;6410.0;3400.0;176.0;33.53;191.0;1.228;296.0;770.0;0.0063;67.0;2.5;1.11;0.322;0.366;0.0;0.6;0.057;3.0;0.0;1020.0;2465.0;2708.0;369.0;3988.0;1306.0;1198.0;1215.0;764.0;668.0;1241.0;1757.0;1684.0;338.0;1089.0;898.0;391.0;1102.0;0.0;2
10;12041;86;herbs and spices;oilseed crops;sunflower;seeds, sunflower seed flour, partially defatted;326.003824;48060.0;5200.0;0.0;35830.0;252.0;870.0;138.0;0.0;1610.0;7040.0;114.0;6.62;346.0;1.975;689.0;67.0;0.0582;3.0;4.95;1.713;3.187;0.266;6.595;0.753;0.222;1.3;0.0;2358.0;5069.0;5160.0;952.0;11770.0;3083.0;2494.0;2267.0;1406.0;1333.0;2403.0;3500.0;1977.0;1043.0;2466.0;1959.0;735.0;2775.0;0.0;3
11;11683;245;vegetables;root vegetables;carrot;carrot, dehydrated;341.061185;8100.0;23600.0;0.0;79570.0;76.0;730.0;256.0;38820.0;1490.0;6840.0;212.0;3.93;118.0;1.116;346.0;2540.0;0.0086;275.0;1.57;0.37;0.534;0.417;1.471;1.04;0.055;14.6;0.108;464.0;338.0;1077.0;63.0;1589.0;0.0;228.0;275.0;157.0;126.0;323.0;338.0;315.0;56.0;251.0;299.0;87.0;346.0;72.1;4
12;8158;841;cereals and cereal products;cereal products;corn grits;cereals, corn grits, white, regular and quick, unenriched, dry;371.0;8800.0;1600.0;0.0;79600.0;300.0;516.0;155.0;640.0;1200.0;400.0;2.0;1.0;27.0;0.106;73.0;137.0;0.017;1.0;0.41;0.075;0.13;0.04;0.485;0.147;0.005;0.0;0.0003;656.0;437.0;610.0;158.0;1647.0;360.0;765.0;417.0;357.0;268.0;314.0;1076.0;247.0;184.0;431.0;330.0;62.0;444.0;0.0;1
13;20068;771;baking goods;baking goods;tapioca pearl;tapioca, pearl, dry;358.030593;190.0;900.0;0.0;88690.0;5.0;3.0;5.0;3350.0;20.0;110.0;20.0;1.58;1.0;0.11;7.0;11.0;0.0008;1.0;0.12;0.02;0.004;0.0;0.135;0.008;0.004;0.0;0.0;5.0;19.0;11.0;4.0;29.0;4.0;5.0;5.0;2.0;3.0;4.0;6.0;6.0;2.0;4.0;4.0;3.0;5.0;1.2;1
14;12078;24;nuts;nuts;brazil nut;nuts, brazilnuts, dried, unblanched;656.0;14320.0;7500.0;0.0;12270.0;24548.0;20577.0;15137.0;2330.0;66430.0;3510.0;160.0;2.43;376.0;1.223;725.0;659.0;1.917;3.0;4.06;1.743;0.617;0.035;0.184;0.101;0.022;0.7;0.0;577.0;2148.0;1346.0;367.0;3147.0;718.0;657.0;683.0;420.0;386.0;516.0;1155.0;492.0;1008.0;630.0;362.0;141.0;756.0;28.8;5
15;12036;86;herbs and spices;oilseed crops;sunflower;seeds, sunflower seed kernels, dried;584.369025;20780.0;8600.0;0.0;20000.0;18528.0;23137.0;4455.0;2620.0;51460.0;3020.0;78.0;5.25;325.0;1.95;660.0;645.0;0.053;9.0;5.0;1.8;1.48;0.355;1.13;1.345;0.227;1.4;0.0;1117.0;2403.0;2446.0;451.0;5579.0;1461.0;1182.0;1075.0;666.0;632.0;1139.0;1659.0;937.0;494.0;1169.0;928.0;348.0;1315.0;55.1;3
16;12014;918;gourds;gourds;japanese pumpkin;seeds, pumpkin and squash seed kernels, dried;559.034417;30230.0;6000.0;0.0;10710.0;16242.0;20976.0;8659.0;1400.0;49050.0;4780.0;46.0;8.82;592.0;4.543;1233.0;809.0;0.0094;7.0;7.81;1.343;0.273;0.153;0.75;0.143;0.058;1.9;0.0073;1485.0;5353.0;2960.0;332.0;6188.0;1843.0;1316.0;1673.0;1093.0;780.0;1281.0;2419.0;1236.0;603.0;1733.0;998.0;576.0;1579.0;63.0;3
17;16117;85;soy;soy;soy bean;soy flour, defatted;330.0;47010.0;17500.0;0.0;38370.0;208.0;533.0;136.0;18880.0;1220.0;6150.0;241.0;9.24;290.0;3.018;674.0;2384.0;0.0017;20.0;2.46;4.065;0.698;0.253;1.995;0.574;0.305;0.0;0.0041;2215.0;3647.0;5911.0;757.0;9106.0;2174.0;2750.0;2725.0;1778.0;1268.0;2281.0;3828.0;3129.0;634.0;2453.0;2042.0;683.0;2346.0;11.3;2
18;9041;208;fruits;tropical fruits;banana;bananas, dehydrated, or banana powder;346.080306;3890.0;9900.0;0.0;88280.0;153.0;337.0;698.0;47300.0;1810.0;3020.0;22.0;1.15;108.0;0.574;74.0;1491.0;0.0039;3.0;0.61;0.391;0.18;0.24;0.0;0.44;0.014;7.0;0.002;222.0;176.0;503.0;63.0;399.0;190.0;229.0;226.0;121.0;333.0;167.0;359.0;162.0;74.0;201.0;171.0;0.0;282.0;19.6;4
19;2030;139;herbs and spices;spices;pepper (spice);spices, pepper, black;251.0;10390.0;25300.0;0.0;63950.0;739.0;998.0;1392.0;640.0;3260.0;4490.0;443.0;9.71;171.0;12.753;158.0;1329.0;0.0049;20.0;1.19;1.33;0.108;0.18;1.399;0.291;0.017;0.0;0.1637;616.0;308.0;1413.0;138.0;1413.0;441.0;1413.0;409.0;483.0;159.0;366.0;1014.0;244.0;96.0;446.0;244.0;58.0;547.0;11.3;6
20;25;134;pulses;beans;common bean;beans, white, dried;324.091778;18900.0;17800.0;45600.0;0.0;0.0;0.0;12600.0;3600.0;0.0;3900.0;126.0;5.5;184.0;2.0;425.0;1530.0;0.0088;6.0;2.78;0.47;0.437;0.146;0.98;0.508;0.226;0.0;0.17;890.0;1300.0;2600.0;230.0;3200.0;820.0;890.0;1200.0;610.0;580.0;950.0;1700.0;1500.0;320.0;1200.0;890.0;250.0;1100.0;0.0;7
21;12014;906;gourds;gourds;sunburst squash (pattypan squash);seeds, pumpkin and squash seed kernels, dried;559.034417;30230.0;6000.0;0.0;10710.0;16242.0;20976.0;8659.0;1400.0;49050.0;4780.0;46.0;8.82;592.0;4.543;1233.0;809.0;0.0094;7.0;7.81;1.343;0.273;0.153;0.75;0.143;0.058;1.9;0.0073;1485.0;5353.0;2960.0;332.0;6188.0;1843.0;1316.0;1673.0;1093.0;780.0;1281.0;2419.0;1236.0;603.0;1733.0;998.0;576.0;1579.0;63.0;3
22;147;98;pulses;lentils;lentils;lentils, dried;350.860421;26200.0;5300.0;50500.0;0.0;0.0;0.0;0.0;2400.0;0.0;2400.0;55.7;6.5;77.0;0.0;371.0;670.0;0.012;36.0;3.06;0.67;0.5;0.2;1.36;0.556;0.035;0.0;0.0;1100.0;2300.0;3000.0;250.0;4400.0;1100.0;1100.0;1400.0;840.0;710.0;1100.0;2000.0;1900.0;210.0;1400.0;1000.0;250.0;1300.0;0.0;7
23;541;169;cereals and cereal products;cereals;rye;rye flour, dark, whole meal;337.476099;8700.0;14800.0;61800.0;0.0;0.0;0.0;296.0;5640.0;0.0;1600.0;33.3;2.8;92.6;2.16;301.0;438.0;0.0015;5.11;2.8;0.317;0.33;0.106;0.49;0.28;0.0742;0.0;0.0;420.0;500.0;650.0;140.0;2000.0;420.0;790.0;420.0;230.0;230.0;350.0;610.0;380.0;150.0;420.0;330.0;110.0;510.0;0.0;7
24;29;134;pulses;beans;common bean;beans, brown, dried;313.814532;18900.0;17800.0;43000.0;0.0;0.0;0.0;12600.0;3200.0;0.0;3400.0;77.3;5.0;131.0;2.0;477.0;1327.0;0.0088;8.0;2.0;0.5;0.35;0.14;0.5;0.415;0.14;0.0;0.17;730.0;910.0;230.0;120.0;2500.0;700.0;700.0;1200.0;420.0;480.0;880.0;1300.0;1400.0;170.0;940.0;790.0;240.0;1900.0;0.0;7
25;2003;119;herbs and spices;herbs;sweet basil;spices, basil, dried;233.269598;22980.0;37700.0;0.0;47750.0;1238.0;498.0;2157.0;1710.0;4070.0;14850.0;2240.0;89.8;711.0;9.8;274.0;2630.0;0.003;76.0;7.1;2.1;0.08;1.2;0.838;1.34;0.31;0.8;1.7145;1180.0;1230.0;3020.0;190.0;2570.0;1250.0;2700.0;530.0;750.0;450.0;1060.0;1850.0;1150.0;320.0;1250.0;760.0;260.0;1450.0;54.9;2
26;16055;326;vegetables;other vegetables;carob;carob flour;222.036329;4620.0;39800.0;0.0;88880.0;197.0;216.0;90.0;49080.0;650.0;2270.0;348.0;2.94;54.0;0.508;79.0;827.0;0.0053;35.0;0.92;0.571;0.053;0.461;0.047;0.366;0.029;0.2;0.0;584.0;130.0;503.0;29.0;362.0;267.0;354.0;304.0;120.0;122.0;209.0;442.0;196.0;81.0;151.0;271.0;48.0;446.0;11.9;4
27;12149;441;nuts;nuts;colorado pinyon;nuts, pine nuts, pinyon, dried;629.063098;11570.0;10700.0;0.0;19300.0;22942.0;25668.0;9377.0;0.0;60980.0;2260.0;8.0;3.06;234.0;4.333;35.0;628.0;0.0;72.0;4.28;1.035;1.243;0.223;0.21;0.111;0.058;2.0;0.0;605.0;2251.0;1054.0;210.0;1969.0;589.0;622.0;491.0;424.0;277.0;450.0;834.0;434.0;207.0;443.0;367.0;146.0;598.0;0.0;5
28;12145;440;nuts;nuts;pili nut;nuts, pilinuts, dried;719.0;10800.0;0.0;0.0;3980.0;37229.0;7605.0;31184.0;0.0;79550.0;2910.0;145.0;3.53;302.0;2.313;575.0;507.0;0.0;3.0;2.97;0.958;0.913;0.093;0.479;0.115;0.06;0.6;0.0;509.0;1516.0;1222.0;189.0;2393.0;650.0;471.0;599.0;381.0;255.0;483.0;890.0;369.0;395.0;497.0;407.0;189.0;701.0;0.0;5
29;9173;224;fruits;tropical fruits;longan;longans, dried;286.089866;4900.0;0.0;0.0;74000.0;0.0;0.0;0.0;0.0;400.0;3100.0;45.0;5.4;46.0;0.248;196.0;658.0;0.0;48.0;0.22;0.807;0.04;0.5;0.0;0.0;0.0;28.0;0.0;585.0;131.0;469.0;0.0;780.0;158.0;158.0;180.0;94.0;45.0;97.0;202.0;172.0;49.0;112.0;128.0;0.0;217.0;0.0;1
30;280;147;fruits;drupes;european plum;prune, dried plum;258.126195;2700.0;7600.0;54600.0;0.0;0.0;0.0;234.0;39500.0;0.0;2100.0;41.8;1.1;24.0;0.38;78.2;416.0;0.001;3.0;0.53;0.38;0.08;0.09;0.46;0.15;0.004;4.0;0.0;64.0;35.0;1000.0;3.0;90.0;51.0;120.0;64.0;22.0;27.0;47.0;73.0;60.0;12.0;51.0;43.0;9.0;68.0;0.0;0
31;12008;346;herbs and spices;oilseed crops;cottonseed;seeds, cottonseed flour, low fat (glandless);332.0;49830.0;0.0;0.0;36100.0;221.0;577.0;310.0;0.0;1410.0;5760.0;474.0;12.58;716.0;2.129;1587.0;1761.0;0.0;35.0;11.61;1.172;2.089;0.396;0.445;0.764;0.228;2.4;0.0;2313.0;6732.0;5425.0;1307.0;12476.0;2416.0;2125.0;2492.0;1796.0;1570.0;1796.0;3404.0;2529.0;809.0;3103.0;1843.0;752.0;2557.0;0.0;3
32;12174;52;gourds;gourds;watermelon;seeds, watermelon seed kernels, dried;557.0;28330.0;0.0;0.0;15310.0;7407.0;28094.0;9779.0;0.0;47370.0;3940.0;54.0;7.28;515.0;1.614;755.0;648.0;0.0;99.0;10.24;0.686;0.19;0.145;0.346;0.089;0.058;0.0;0.0;1492.0;4897.0;2764.0;438.0;5699.0;1663.0;1251.0;1508.0;1016.0;775.0;1342.0;2149.0;887.0;834.0;2031.0;1112.0;390.0;1556.0;0.0;3
33;12032;170;herbs and spices;oilseed crops;sesame;seeds, sesame flour, partially defatted;382.0;40320.0;0.0;0.0;35140.0;4405.0;5113.0;1634.0;0.0;11890.0;6050.0;150.0;14.3;362.0;1.403;810.0;425.0;0.0;41.0;10.7;1.432;2.53;0.27;2.76;0.152;0.029;0.0;0.0;2107.0;5979.0;3743.0;814.0;8991.0;2761.0;1841.0;2198.0;1689.0;1187.0;1734.0;3088.0;1293.0;1331.0;2138.0;1674.0;882.0;2252.0;0.0;3
34;1014;79;cereals and cereal products;cereals;common buckwheat;buckwheat flour;357.313576;12000.0;4700.0;65400.0;0.0;0.0;0.0;321.0;0.0;0.0;900.0;8.0;2.1;48.0;0.0;190.0;200.0;0.0;0.0;2.0;0.0;0.35;0.11;0.0;0.28;0.0;0.0;0.0;340.0;560.0;1600.0;69.0;1000.0;440.0;260.0;340.0;160.0;170.0;270.0;490.0;430.0;130.0;310.0;260.0;130.0;410.0;0.0;7
35;2028;40;vegetables;fruit vegetables;pepper;spices, paprika;282.265774;14140.0;34900.0;0.0;53990.0;1695.0;7766.0;2140.0;10340.0;12890.0;7740.0;229.0;21.14;178.0;1.59;314.0;2280.0;0.0063;68.0;4.33;0.713;0.33;1.23;2.51;2.141;0.049;0.9;0.0803;640.0;890.0;2850.0;230.0;2260.0;780.0;2310.0;610.0;380.0;250.0;570.0;920.0;690.0;200.0;610.0;490.0;70.0;750.0;51.5;2
36;20522;205;cereals and cereal products;cereals;corn;cornmeal, degermed, unenriched, white;370.0;7110.0;3900.0;0.0;79450.0;299.0;634.0;169.0;1610.0;1750.0;510.0;3.0;1.1;32.0;0.174;99.0;142.0;0.0105;7.0;0.66;0.076;0.14;0.05;0.24;0.182;0.03;0.0;0.0;560.0;239.0;465.0;159.0;1455.0;217.0;746.0;341.0;187.0;172.0;242.0;1006.0;105.0;162.0;366.0;172.0;38.0;337.0;8.6;1
37;20647;126;cereals and cereal products;cereals;millet;millet flour;373.565966;10750.0;3500.0;0.0;73050.0;924.0;2618.0;536.0;1660.0;4250.0;1210.0;14.0;3.94;119.0;1.002;285.0;224.0;0.0327;4.0;2.63;0.535;0.413;0.073;1.267;0.372;0.042;0.0;0.0008;1282.0;370.0;710.0;178.0;2599.0;271.0;911.0;782.0;326.0;257.0;473.0;1537.0;144.0;319.0;675.0;354.0;170.0;584.0;0.0;1
38;20011;79;cereals and cereal products;cereals;common buckwheat;buckwheat flour, whole-groat;335.086042;12620.0;10000.0;0.0;70590.0;949.0;949.0;677.0;2600.0;3100.0;2540.0;41.0;4.06;251.0;2.03;337.0;577.0;0.0057;11.0;3.12;0.515;0.417;0.19;0.44;0.582;0.054;0.0;0.007;712.0;935.0;1078.0;218.0;1948.0;981.0;482.0;652.0;230.0;294.0;474.0;792.0;640.0;164.0;495.0;482.0;183.0;646.0;54.2;1
39;192;381;nuts;nuts;hazelnut;nut, hazel (uk), filbert (usa), dried;597.992352;14900.0;8200.0;21100.0;0.0;0.0;0.0;3540.0;4700.0;0.0;2400.0;136.0;2.8;158.0;7.2;349.0;738.0;0.0021;1.9;2.0;1.4;0.39;0.2;1.15;0.54;0.072;6.3;0.0;840.0;2500.0;1800.0;230.0;4100.0;840.0;680.0;900.0;480.0;450.0;730.0;1200.0;530.0;240.0;790.0;560.0;190.0;930.0;0.0;0
40;12114;341;fruits;tropical fruits;coconut;nuts, coconut meat, dried (desiccated), toasted;592.017208;5300.0;0.0;0.0;44400.0;1999.0;514.0;41678.0;0.0;47000.0;2300.0;27.0;3.39;92.0;2.801;211.0;554.0;0.0;37.0;2.05;0.812;0.061;0.102;0.817;0.306;0.009;1.5;0.0;271.0;870.0;518.0;105.0;1212.0;251.0;219.0;274.0;164.0;122.0;208.0;393.0;234.0;99.0;269.0;193.0;62.0;321.0;0.0;2
41;11432;261;vegetables;root vegetables;daikon radish;radishes, oriental, dried;271.032505;7900.0;23900.0;0.0;63370.0;119.0;325.0;218.0;37320.0;720.0;8330.0;629.0;6.73;170.0;0.539;204.0;3494.0;0.0007;278.0;2.13;1.631;0.27;0.68;1.854;0.618;0.295;0.0;0.0045;248.0;456.0;538.0;62.0;1492.0;248.0;202.0;240.0;150.0;149.0;344.0;413.0;393.0;75.0;262.0;326.0;43.0;365.0;109.7;4
42;2026;5;vegetables;onion-family vegetables;allium;spices, onion powder;341.0;10410.0;15200.0;0.0;79120.0;202.0;310.0;219.0;6630.0;1040.0;4040.0;384.0;3.9;113.0;1.3;322.0;985.0;0.0143;73.0;4.05;0.59;0.457;0.08;0.732;0.718;0.064;23.4;0.0041;180.0;1950.0;660.0;80.0;2090.0;270.0;690.0;140.0;130.0;160.0;140.0;220.0;490.0;90.0;280.0;140.0;60.0;170.0;39.0;1
43;1014;79;cereals and cereal products;cereals;common buckwheat;wheat flour;357.313576;9700.0;6000.0;69700.0;0.0;0.0;0.0;184.0;0.0;0.0;900.0;8.0;2.1;48.0;0.0;190.0;200.0;0.0;0.0;2.0;0.0;0.35;0.11;0.0;0.28;0.0;0.0;0.0;340.0;560.0;1600.0;69.0;1000.0;440.0;260.0;340.0;160.0;170.0;270.0;490.0;430.0;130.0;310.0;260.0;130.0;410.0;0.0;7
44;12147;138;nuts;nuts;pine nut;nuts, pine nuts, dried;673.040153;13690.0;3700.0;0.0;13080.0;18764.0;34071.0;4899.0;3590.0;68370.0;2590.0;16.0;5.53;251.0;8.802;575.0;597.0;0.0007;2.0;6.45;1.324;0.364;0.227;0.313;0.094;0.034;0.8;0.0539;684.0;2413.0;1303.0;289.0;2926.0;691.0;673.0;835.0;509.0;341.0;542.0;991.0;540.0;259.0;524.0;370.0;107.0;687.0;55.8;5
45;2009;40;vegetables;fruit vegetables;pepper;spices, chili powder;282.0;13460.0;34800.0;0.0;49700.0;3211.0;8006.0;2462.0;7190.0;14280.0;11810.0;330.0;17.3;149.0;1.7;300.0;1950.0;0.0204;1640.0;4.3;1.0;0.25;0.94;0.888;2.094;0.028;0.7;0.1057;450.0;490.0;1690.0;180.0;1590.0;600.0;1250.0;230.0;190.0;180.0;390.0;630.0;360.0;130.0;370.0;270.0;70.0;540.0;66.5;2
46;2005;43;herbs and spices;spices;caraway;spices, caraway seed;333.0;19770.0;38000.0;0.0;49900.0;7125.0;3272.0;620.0;640.0;14590.0;5870.0;689.0;16.23;258.0;1.3;568.0;1351.0;0.0121;17.0;5.5;0.91;0.383;0.379;0.0;0.36;0.01;21.0;0.0;914.0;1252.0;2084.0;329.0;3169.0;1322.0;917.0;946.0;642.0;550.0;826.0;1218.0;1031.0;361.0;867.0;756.0;244.0;1037.0;24.7;2
47;1057;682;baking goods;baking goods;leavening agent;yeast, dried;317.160612;0.0;19700.0;33000.0;0.0;0.0;0.0;0.0;0.0;0.0;8300.0;44.0;16.1;230.0;0.0;1290.0;2000.0;0.0;52.0;8.0;5.0;2.33;4.0;11.0;2.0;4.0;0.0;0.0;2200.0;1900.0;3500.0;130.0;4700.0;1800.0;1200.0;1900.0;1200.0;740.0;1800.0;2400.0;2700.0;500.0;1400.0;1800.0;440.0;2300.0;0.0;0
48;32;85;soy;soy;soy bean;beans, soy, dried;410.611855;35800.0;16600.0;17500.0;0.0;0.0;0.0;2560.0;6100.0;0.0;4700.0;163.0;15.7;225.0;2.0;467.0;1676.0;0.0088;4.0;1.0;0.11;0.874;0.87;1.92;0.417;0.28;0.0;0.047;1500.0;2600.0;4200.0;480.0;6700.0;1500.0;2000.0;1800.0;1100.0;910.0;1600.0;2800.0;2300.0;450.0;1800.0;1400.0;460.0;1700.0;0.0;0
49;12060;283;nuts;nuts;acorn;nuts, acorn flour, full fat;501.0;7490.0;0.0;0.0;54650.0;19110.0;5813.0;3923.0;0.0;30170.0;1690.0;43.0;1.21;110.0;1.743;103.0;712.0;0.0;0.0;0.64;0.611;0.146;0.154;0.931;0.688;0.114;0.0;0.0;427.0;577.0;774.0;133.0;1202.0;348.0;300.0;318.0;227.0;208.0;348.0;596.0;468.0;126.0;328.0;288.0;90.0;421.0;0.0;2
50;20020;205;cereals and cereal products;cereals;corn;cornmeal, whole-grain, yellow;362.09369;8120.0;7300.0;0.0;76890.0;948.0;1638.0;505.0;640.0;3590.0;1130.0;6.0;3.45;127.0;0.498;241.0;287.0;0.0155;35.0;1.82;0.193;0.385;0.201;0.425;0.304;0.025;0.0;0.0003;608.0;405.0;565.0;146.0;1525.0;333.0;709.0;386.0;330.0;248.0;291.0;996.0;228.0;170.0;399.0;305.0;57.0;411.0;21.6;1
51;2027;124;herbs and spices;herbs;common oregano;spices, oregano, dried;265.0;9000.0;42500.0;0.0;68920.0;716.0;1369.0;1551.0;4090.0;4280.0;7870.0;1597.0;36.8;270.0;4.99;148.0;1260.0;0.0045;25.0;2.69;0.633;0.177;0.528;0.921;1.044;0.237;2.3;0.6217;500.0;449.0;1009.0;110.0;975.0;517.0;1712.0;314.0;297.0;144.0;441.0;780.0;500.0;127.0;449.0;322.0;203.0;585.0;32.3;2
52;11962;40;vegetables;fruit vegetables;pepper;peppers, hot chile, sun-dried;324.091778;10580.0;28700.0;0.0;69860.0;468.0;3079.0;813.0;41060.0;5810.0;6600.0;45.0;6.04;88.0;0.821;159.0;1870.0;0.0035;91.0;1.02;0.228;0.081;1.205;0.956;0.81;0.051;31.4;0.1082;433.0;508.0;1512.0;203.0;1397.0;391.0;460.0;425.0;220.0;215.0;342.0;554.0;471.0;127.0;327.0;389.0;135.0;447.0;84.3;4
53;12201;170;herbs and spices;oilseed crops;sesame;seeds, sesame seed kernels, dried (decorticated);631.0;20450.0;11600.0;0.0;11730.0;23924.0;25491.0;9055.0;480.0;61210.0;2860.0;60.0;6.36;345.0;1.44;667.0;370.0;0.0344;47.0;6.73;1.4;0.699;0.09;0.29;0.4;0.115;0.0;0.0;990.0;3250.0;2070.0;440.0;4600.0;1090.0;1040.0;1200.0;790.0;550.0;750.0;1500.0;650.0;880.0;940.0;730.0;330.0;980.0;25.6;5
54;12177;341;fruits;tropical fruits;coconut;nuts, coconut meat, dried (desiccated), creamed;684.034417;5300.0;0.0;0.0;21520.0;2939.0;756.0;61257.0;0.0;69080.0;2440.0;26.0;3.36;92.0;2.783;209.0;551.0;0.0;37.0;2.04;0.807;0.061;0.101;0.811;0.304;0.009;1.5;0.0;271.0;870.0;518.0;105.0;1212.0;251.0;219.0;274.0;164.0;122.0;208.0;393.0;234.0;99.0;269.0;193.0;62.0;321.0;0.0;2
55;654;138;nuts;nuts;pine nut;pine nuts, pignolias, dried;705.783939;11600.0;10700.0;9400.0;0.0;0.0;0.0;9380.0;0.0;0.0;2600.0;16.0;5.53;251.0;8.8;575.0;597.0;0.002;2.0;6.45;1.32;0.364;0.227;0.313;0.094;0.034;0.8;0.0;670.0;2400.0;1300.0;280.0;2800.0;700.0;670.0;830.0;520.0;340.0;540.0;980.0;540.0;260.0;520.0;360.0;110.0;700.0;0.0;0
56;20064;169;cereals and cereal products;cereals;rye;rye flour, medium;349.0;10880.0;11800.0;0.0;75430.0;189.0;695.0;180.0;1100.0;1520.0;1200.0;24.0;2.54;63.0;2.412;225.0;374.0;0.0144;2.0;2.17;0.331;0.287;0.114;0.492;0.268;0.034;0.0;0.0059;410.0;470.0;542.0;0.0;2527.0;426.0;851.0;484.0;183.0;159.0;253.0;611.0;212.0;136.0;488.0;341.0;123.0;348.0;20.6;1
57;8158;205;cereals and cereal products;cereals;corn;cereals, corn grits, white, regular and quick, unenriched, dry;371.0;8800.0;1600.0;0.0;79600.0;300.0;516.0;155.0;640.0;1200.0;400.0;2.0;1.0;27.0;0.106;73.0;137.0;0.017;1.0;0.41;0.075;0.13;0.04;0.485;0.147;0.005;0.0;0.0003;656.0;437.0;610.0;158.0;1647.0;360.0;765.0;417.0;357.0;268.0;314.0;1076.0;247.0;184.0;431.0;330.0;62.0;444.0;0.0;1
58;2020;8;herbs and spices;herbs;garlic;spices, garlic powder;331.26195;16550.0;9000.0;0.0;72730.0;115.0;178.0;249.0;2430.0;730.0;3540.0;79.0;5.65;77.0;0.979;414.0;1193.0;0.0239;60.0;2.99;0.533;0.435;0.141;0.743;1.654;0.047;1.2;0.0004;485.0;3365.0;1890.0;253.0;3658.0;525.0;1354.0;505.0;445.0;263.0;414.0;728.0;768.0;111.0;525.0;374.0;121.0;667.0;67.5;1
59;35;707;cocoa and cocoa products;cocoa products;cocoa powder;cocoa, powder;402.963671;22500.0;24000.0;23000.0;0.0;0.0;0.0;12900.0;0.0;0.0;8900.0;105.0;11.0;523.0;2.5;660.0;3490.0;0.0143;35.0;10.1;3.6;0.1;0.15;0.0;0.07;0.041;0.0;0.0;830.0;1100.0;1700.0;210.0;2800.0;760.0;860.0;900.0;540.0;290.0;680.0;1000.0;760.0;210.0;760.0;720.0;220.0;1100.0;0.0;0
60;655;140;nuts;nuts;pistachio;pistachio nuts, dried;567.877629;21600.0;8800.0;12300.0;0.0;0.0;0.0;5500.0;0.0;0.0;3000.0;107.0;4.15;121.0;1.2;490.0;1025.0;0.0047;1.0;2.2;1.3;0.87;0.16;0.52;1.7;0.051;5.0;0.0;930.0;2000.0;1800.0;360.0;3800.0;970.0;820.0;1200.0;430.0;510.0;890.0;1600.0;1200.0;340.0;1100.0;660.0;270.0;1200.0;0.0;0
61;20320;205;cereals and cereal products;cereals;corn;cornmeal, whole-grain, white;362.09369;8120.0;7300.0;0.0;76890.0;948.0;1638.0;505.0;640.0;3590.0;1130.0;6.0;3.45;127.0;0.498;241.0;287.0;0.0155;35.0;1.82;0.193;0.385;0.201;0.425;0.304;0.025;0.0;0.0003;608.0;405.0;565.0;146.0;1525.0;333.0;709.0;386.0;330.0;248.0;291.0;996.0;228.0;170.0;399.0;305.0;57.0;411.0;21.6;1
62;11978;40;vegetables;fruit vegetables;pepper;peppers, ancho, dried;281.070746;11860.0;21600.0;0.0;51420.0;492.0;4511.0;820.0;0.0;8200.0;5890.0;61.0;10.93;113.0;1.279;201.0;2411.0;0.0029;43.0;1.42;0.508;0.179;2.255;1.993;3.535;0.069;2.0;0.0;476.0;554.0;1661.0;219.0;1532.0;425.0;502.0;464.0;245.0;232.0;373.0;605.0;515.0;142.0;361.0;425.0;155.0;489.0;0.0;2
63;20027;205;cereals and cereal products;cereals;corn;cornstarch;381.0;260.0;900.0;0.0;91270.0;16.0;25.0;9.0;0.0;50.0;90.0;2.0;0.47;3.0;0.053;13.0;3.0;0.0028;9.0;0.06;0.05;0.0;0.0;0.0;0.0;0.0;0.0;0.0;19.0;12.0;20.0;6.0;53.0;9.0;24.0;12.0;10.0;8.0;10.0;36.0;6.0;6.0;13.0;9.0;1.0;14.0;0.4;1
64;11955;171;vegetables;fruit vegetables;garden tomato;tomatoes, sun-dried;258.0;14110.0;12300.0;0.0;55760.0;487.0;1115.0;426.0;37590.0;2970.0;12600.0;110.0;9.09;194.0;1.846;356.0;3427.0;0.0055;247.0;1.99;1.423;0.528;0.489;2.087;0.332;0.068;39.2;0.043;402.0;343.0;1957.0;183.0;5202.0;348.0;266.0;375.0;242.0;214.0;339.0;517.0;519.0;122.0;366.0;357.0;104.0;361.0;104.6;4
65;11284;5;vegetables;onion-family vegetables;allium;onions, dehydrated flakes;349.0;8950.0;9200.0;0.0;83280.0;64.0;180.0;78.0;37410.0;460.0;3380.0;257.0;1.55;92.0;1.389;303.0;1622.0;0.005;21.0;1.89;0.416;0.5;0.1;1.38;1.6;0.166;75.0;0.0038;249.0;1203.0;490.0;160.0;1445.0;372.0;279.0;263.0;222.0;146.0;316.0;314.0;428.0;74.0;229.0;216.0;129.0;206.0;53.9;4
66;19166;707;cocoa and cocoa products;cocoa products;cocoa powder;cocoa, dry powder, unsweetened, processed with alkali;220.363289;18100.0;29800.0;0.0;58300.0;4390.0;420.0;7760.0;1760.0;13100.0;7800.0;111.0;15.52;476.0;3.737;728.0;2509.0;0.0132;19.0;6.37;3.607;0.11;0.46;0.254;0.118;0.032;0.0;0.0024;834.0;1025.0;1802.0;221.0;2720.0;812.0;773.0;781.0;678.0;312.0;701.0;1097.0;907.0;187.0;869.0;716.0;271.0;1086.0;11.4;2
67;116;175;vegetables;tubers;potato;potato flour;347.51434;200.0;300.0;85000.0;0.0;0.0;0.0;19.0;0.0;0.0;200.0;25.0;0.38;6.0;0.1;7.2;34.0;0.0004;3.5;0.16;0.076;0.005;0.003;0.0;0.01;0.082;0.0;0.0;7.0;8.0;42.0;2.0;27.0;6.0;7.0;7.0;4.0;4.0;7.0;11.0;12.0;3.0;8.0;7.0;3.0;12.0;0.0;7
68;11548;171;vegetables;fruit vegetables;garden tomato;tomato powder;302.0;12910.0;16500.0;0.0;74680.0;66.0;179.0;62.0;43900.0;440.0;8910.0;166.0;4.56;178.0;1.951;295.0;1927.0;0.0053;134.0;1.71;1.241;0.913;0.761;3.76;0.457;0.12;116.7;0.0488;405.0;258.0;1617.0;76.0;5163.0;213.0;283.0;308.0;173.0;204.0;250.0;359.0;370.0;66.0;273.0;295.0;89.0;264.0;0.0;4
69;20422;205;cereals and cereal products;cereals;corn;cornmeal, degermed, unenriched, yellow;370.0;7110.0;3900.0;0.0;79450.0;299.0;634.0;169.0;1610.0;1750.0;510.0;3.0;1.1;32.0;0.174;99.0;142.0;0.0105;7.0;0.66;0.076;0.14;0.05;0.24;0.182;0.03;0.0;0.0;560.0;239.0;465.0;159.0;1455.0;217.0;746.0;341.0;187.0;172.0;242.0;1006.0;105.0;162.0;366.0;172.0;38.0;337.0;8.6;1
70;12084;320;nuts;nuts;butternut;nuts, butternuts, dried;612.09369;24900.0;4700.0;0.0;12050.0;10425.0;42741.0;1306.0;0.0;56980.0;2730.0;53.0;4.02;237.0;6.56;446.0;421.0;0.0172;1.0;3.13;0.45;0.383;0.148;0.633;0.56;0.066;3.2;0.0;1372.0;4862.0;3096.0;484.0;6084.0;1508.0;1236.0;1640.0;977.0;808.0;1179.0;2199.0;770.0;611.0;1442.0;940.0;366.0;1541.0;0.0;5
71;651;44;nuts;nuts;pecan nut;pecans, dried;709.847036;9200.0;9600.0;4300.0;0.0;0.0;0.0;6390.0;0.0;0.0;1500.0;70.0;2.53;121.0;4.5;277.0;410.0;0.0;0.0;4.53;1.2;0.66;0.13;0.863;0.21;0.022;1.1;0.0;400.0;1200.0;930.0;150.0;1900.0;450.0;360.0;470.0;210.0;260.0;330.0;350.0;290.0;190.0;430.0;310.0;93.0;420.0;0.0;0
72;12023;170;herbs and spices;oilseed crops;sesame;seeds, sesame seeds, whole, dried;573.0;17730.0;11800.0;0.0;23450.0;18759.0;21773.0;6957.0;300.0;49670.0;4450.0;975.0;14.55;351.0;2.46;629.0;468.0;0.0344;11.0;7.75;4.082;0.791;0.247;0.05;0.79;0.097;0.0;0.0;927.0;2630.0;1646.0;358.0;3955.0;1215.0;810.0;967.0;743.0;522.0;763.0;1358.0;569.0;586.0;940.0;736.0;388.0;990.0;25.6;3
73;20080;575;cereals and cereal products;cereals;wheat;wheat flour, whole-grain;340.344168;13210.0;10700.0;0.0;71970.0;283.0;1167.0;430.0;410.0;2500.0;1580.0;34.0;3.6;137.0;4.067;357.0;363.0;0.0618;2.0;2.6;0.41;0.502;0.165;0.603;0.407;0.044;0.0;0.0019;489.0;648.0;722.0;275.0;4328.0;569.0;2075.0;620.0;275.0;357.0;443.0;898.0;359.0;228.0;682.0;367.0;174.0;564.0;31.2;1
74;531;575;cereals and cereal products;cereals;wheat;wheat flour;352.772467;9700.0;6000.0;69700.0;0.0;0.0;0.0;184.0;500.0;0.0;700.0;17.4;1.18;25.0;0.51;117.0;155.0;0.002;1.85;0.758;0.133;0.189;0.031;0.5;0.084;0.018;0.0;0.0;320.0;370.0;420.0;170.0;3300.0;350.0;1100.0;510.0;220.0;220.0;410.0;730.0;240.0;150.0;510.0;270.0;110.0;470.0;0.0;7
75;8160;205;cereals and cereal products;cereals;corn;cereals, corn grits, yellow, regular and quick, unenriched, dry;371.0;8800.0;1600.0;0.0;79600.0;300.0;516.0;155.0;640.0;1200.0;400.0;2.0;1.0;27.0;0.106;73.0;137.0;0.017;1.0;0.41;0.075;0.13;0.04;0.485;0.147;0.005;0.0;0.0003;656.0;437.0;610.0;158.0;1647.0;360.0;765.0;417.0;357.0;268.0;314.0;1076.0;247.0;184.0;431.0;330.0;62.0;444.0;0.0;1
76;12099;368;nuts;nuts;european chestnut;nuts, chestnuts, european, dried, unpeeled;374.043977;6390.0;11700.0;0.0;77310.0;1535.0;1758.0;837.0;0.0;4450.0;2400.0;67.0;2.38;74.0;1.3;175.0;986.0;0.0018;37.0;0.35;0.65;0.295;0.36;0.897;0.663;0.109;15.0;0.0;427.0;457.0;1103.0;202.0;824.0;329.0;336.0;319.0;177.0;177.0;252.0;378.0;378.0;151.0;270.0;228.0;71.0;357.0;0.0;1
77;12154;93;nuts;nuts;black walnut;walnuts;618.0;24060.0;6800.0;0.0;9910.0;15004.0;35077.0;3368.0;1100.0;59000.0;2470.0;61.0;3.12;201.0;3.896;513.0;523.0;0.017;2.0;3.37;1.36;0.057;0.13;1.66;0.583;0.031;1.7;0.0027;1048.0;3618.0;2433.0;462.0;5152.0;1189.0;926.0;1225.0;740.0;672.0;966.0;1684.0;713.0;467.0;1094.0;721.0;318.0;1271.0;32.1;5
78;12039;86;herbs and spices;oilseed crops;sunflower;seeds, sunflower seed kernels, toasted, without salt;619.024857;17210.0;11500.0;0.0;20590.0;10841.0;37507.0;5953.0;0.0;56800.0;4400.0;57.0;6.81;129.0;2.114;1158.0;491.0;0.0;3.0;5.3;1.834;0.325;0.285;7.056;0.805;0.238;1.4;0.0;844.0;1816.0;1848.0;341.0;4216.0;1104.0;893.0;812.0;503.0;477.0;861.0;1254.0;708.0;374.0;883.0;702.0;263.0;994.0;0.0;5
79;19165;707;cocoa and cocoa products;cocoa products;cocoa powder;cocoa, dry powder, unsweetened;227.533461;19600.0;33200.0;0.0;57900.0;4570.0;440.0;8070.0;1750.0;13700.0;5800.0;128.0;13.86;499.0;3.837;734.0;1524.0;0.0143;21.0;6.81;3.788;0.078;0.241;0.254;0.118;0.032;0.0;0.0025;904.0;1111.0;1953.0;239.0;2948.0;879.0;838.0;846.0;735.0;339.0;760.0;1189.0;983.0;202.0;941.0;776.0;293.0;1177.0;12.0;2
80;8160;841;cereals and cereal products;cereal products;corn grits;cereals, corn grits, yellow, regular and quick, unenriched, dry;371.0;8800.0;1600.0;0.0;79600.0;300.0;516.0;155.0;640.0;1200.0;400.0;2.0;1.0;27.0;0.106;73.0;137.0;0.017;1.0;0.41;0.075;0.13;0.04;0.485;0.147;0.005;0.0;0.0003;656.0;437.0;610.0;158.0;1647.0;360.0;765.0;417.0;357.0;268.0;314.0;1076.0;247.0;184.0;431.0;330.0;62.0;444.0;0.0;1
81;12059;283;nuts;nuts;acorn;nuts, acorns, dried;509.082218;8100.0;0.0;0.0;53660.0;19896.0;6052.0;4084.0;0.0;31410.0;1780.0;54.0;1.04;82.0;1.363;103.0;709.0;0.0;0.0;0.67;0.818;0.149;0.154;0.94;0.695;0.115;0.0;0.0;461.0;623.0;837.0;144.0;1299.0;376.0;324.0;344.0;246.0;224.0;376.0;644.0;505.0;136.0;354.0;312.0;98.0;455.0;0.0;2
82;12175;390;nuts;nuts;japanese chestnut;nuts, chestnuts, japanese, dried;360.0;5250.0;0.0;0.0;81430.0;650.0;322.0;183.0;0.0;1240.0;2110.0;72.0;3.38;115.0;3.711;169.0;768.0;0.0;34.0;2.57;1.312;0.802;0.38;0.481;0.659;0.109;61.3;0.0;473.0;345.0;1106.0;153.0;1001.0;267.0;328.0;257.0;150.0;131.0;258.0;325.0;342.0;126.0;205.0;210.0;75.0;312.0;0.0;1
83;20012;766;cereals and cereal products;cereal products;bulgur;bulgur, dry;342.017208;12290.0;18300.0;0.0;75870.0;173.0;541.0;232.0;410.0;1330.0;1510.0;35.0;2.46;164.0;3.048;300.0;410.0;0.0023;17.0;1.93;0.335;0.232;0.115;1.045;0.342;0.027;0.0;0.0019;436.0;575.0;630.0;285.0;3878.0;495.0;1275.0;580.0;358.0;285.0;455.0;830.0;339.0;190.0;580.0;354.0;190.0;554.0;28.1;1
84;222;125;cereals and cereal products;cereals;rice;rice flour;364.961759;7300.0;800.0;79300.0;0.0;0.0;0.0;300.0;0.0;0.0;500.0;4.97;1.1;36.0;0.6;96.3;117.0;0.0031;2.8;1.7;0.2;0.08;0.03;0.5;0.2;0.01;0.0;0.0;440.0;590.0;680.0;81.0;1200.0;340.0;330.0;420.0;380.0;180.0;330.0;630.0;280.0;210.0;390.0;250.0;97.0;500.0;0.0;7
85;2016;13;herbs and spices;herbs;dill;spices, dill seed;305.0;15980.0;21100.0;0.0;55170.0;9410.0;1010.0;730.0;0.0;14540.0;6620.0;1516.0;16.33;256.0;1.833;277.0;1186.0;0.0121;20.0;5.2;0.78;0.418;0.284;0.0;0.25;0.01;21.0;0.0;0.0;1263.0;0.0;0.0;0.0;0.0;0.0;0.0;0.0;320.0;767.0;925.0;1038.0;143.0;670.0;575.0;0.0;1120.0;0.0;2
86;20130;88;cereals and cereal products;cereals;barley;barley flour or meal;345.0;10500.0;10100.0;0.0;74520.0;205.0;771.0;335.0;800.0;1600.0;1280.0;32.0;2.68;96.0;1.034;296.0;309.0;0.0377;4.0;2.0;0.343;0.37;0.114;0.145;0.396;0.008;0.0;0.0022;409.0;526.0;655.0;232.0;2741.0;380.0;1247.0;443.0;301.0;236.0;383.0;713.0;391.0;202.0;589.0;356.0;175.0;515.0;37.8;1
87;20131;88;cereals and cereal products;cereals;barley;barley malt flour;361.0;10280.0;7100.0;0.0;78300.0;254.0;953.0;386.0;800.0;1840.0;1370.0;37.0;4.71;97.0;1.193;303.0;224.0;0.0377;11.0;2.06;0.27;0.309;0.308;0.577;0.655;0.038;0.6;0.0022;516.0;836.0;776.0;157.0;1825.0;440.0;1123.0;465.0;341.0;275.0;361.0;746.0;535.0;294.0;225.0;407.0;132.0;503.0;0.0;1
88;16100;16;nuts;nuts;peanut;peanut flour, low fat;428.0;33800.0;15800.0;0.0;31270.0;10866.0;6921.0;3040.0;0.0;21900.0;5230.0;130.0;4.74;48.0;4.231;508.0;1358.0;0.0071;1.0;5.99;2.039;0.457;0.172;1.543;0.304;0.133;0.0;0.0;1343.0;4042.0;4123.0;433.0;7063.0;2037.0;1492.0;1665.0;1374.0;854.0;1188.0;2191.0;1213.0;415.0;1752.0;1158.0;328.0;1418.0;0.0;3
89;12013;406;herbs and spices;other seeds;lotus;seeds, lotus seeds, dried;332.0;15410.0;0.0;0.0;64470.0;388.0;1166.0;330.0;0.0;1970.0;3990.0;163.0;3.53;210.0;2.318;626.0;1368.0;0.0;5.0;1.05;0.35;0.64;0.15;0.851;0.629;0.104;0.0;0.0;892.0;1262.0;1884.0;201.0;3570.0;826.0;1285.0;939.0;375.0;430.0;765.0;1215.0;985.0;267.0;767.0;747.0;221.0;991.0;0.0;1
90;12154;93;nuts;nuts;black walnut;nuts, walnuts, black, dried;618.0;24060.0;6800.0;0.0;9910.0;15004.0;35077.0;3368.0;1100.0;59000.0;2470.0;61.0;3.12;201.0;3.896;513.0;523.0;0.017;2.0;3.37;1.36;0.057;0.13;1.66;0.583;0.031;1.7;0.0027;1048.0;3618.0;2433.0;462.0;5152.0;1189.0;926.0;1225.0;740.0;672.0;966.0;1684.0;713.0;467.0;1094.0;721.0;318.0;1271.0;32.1;5
91;12033;170;herbs and spices;oilseed crops;sesame;seeds, sesame flour, low-fat;333.0;50140.0;0.0;0.0;35510.0;543.0;630.0;201.0;0.0;1750.0;5500.0;149.0;14.22;338.0;1.396;757.0;397.0;0.0;39.0;10.0;1.425;2.516;0.269;2.745;0.142;0.029;0.0;0.0;2620.0;7436.0;4654.0;1012.0;11182.0;3434.0;2289.0;2734.0;2100.0;1476.0;2157.0;3841.0;1608.0;1656.0;2658.0;2081.0;1097.0;2800.0;0.0;3
92;155;85;soy;soy;soy bean;soya flour, full fat;449.091778;40700.0;10400.0;16500.0;0.0;0.0;0.0;3090.0;3100.0;0.0;5100.0;150.0;4.0;240.0;2.3;560.0;1936.0;0.011;2.0;5.0;1.6;0.75;0.31;1.8;0.57;0.8;0.0;0.2;1800.0;2900.0;4800.0;650.0;7600.0;1700.0;2200.0;2100.0;1300.0;1000.0;1800.0;3200.0;2600.0;520.0;2000.0;1600.0;520.0;2000.0;0.0;0
93;2011;179;herbs and spices;spices;cloves;spices, cloves, ground;274.0;5970.0;33900.0;0.0;65530.0;1393.0;7207.0;3952.0;2380.0;13000.0;5630.0;632.0;11.83;259.0;60.127;104.0;1020.0;0.0072;277.0;2.32;0.368;0.158;0.22;0.509;0.391;0.025;0.2;0.1418;290.0;320.0;600.0;70.0;560.0;280.0;390.0;240.0;190.0;130.0;240.0;400.0;370.0;80.0;230.0;180.0;30.0;340.0;37.4;2
94;20090;125;cereals and cereal products;cereals;rice;rice flour, brown;363.049713;7230.0;4600.0;0.0;76480.0;1008.0;996.0;557.0;850.0;2780.0;1540.0;11.0;1.98;112.0;4.013;337.0;289.0;0.0;8.0;2.45;0.23;0.443;0.08;1.591;0.736;0.016;0.0;0.0;422.0;548.0;677.0;88.0;1473.0;356.0;339.0;374.0;271.0;184.0;306.0;598.0;276.0;163.0;373.0;265.0;92.0;424.0;0.0;1
95;12007;346;herbs and spices;oilseed crops;cottonseed;seeds, cottonseed flour, partially defatted (glandless);359.0;40960.0;3000.0;0.0;40540.0;1133.0;2958.0;1588.0;0.0;6200.0;6000.0;478.0;12.66;721.0;2.143;1597.0;1772.0;0.0056;35.0;11.69;1.18;2.102;0.399;0.448;0.769;0.229;2.4;0.0;1901.0;5533.0;4459.0;1074.0;10255.0;1986.0;1747.0;2048.0;1476.0;1291.0;1476.0;2798.0;2079.0;665.0;2550.0;1515.0;618.0;2102.0;0.0;3
96;16099;16;nuts;nuts;peanut;peanut flour, defatted;327.0;52200.0;15800.0;0.0;34700.0;225.0;143.0;63.0;8220.0;550.0;4750.0;140.0;2.1;370.0;4.9;760.0;1290.0;0.0071;180.0;5.1;1.8;0.7;0.48;2.744;0.504;0.248;0.0;0.0;2075.0;6243.0;6367.0;669.0;10908.0;3145.0;2304.0;2572.0;2122.0;1319.0;1836.0;3384.0;1874.0;641.0;2705.0;1788.0;507.0;2189.0;108.7;2
97;172;205;cereals and cereal products;cereals;corn;corn flour;365.200765;6800.0;3200.0;75500.0;0.0;0.0;0.0;442.0;1260.0;0.0;600.0;6.0;1.1;47.0;0.0;99.0;120.0;0.0032;1.0;0.5;0.0;0.33;0.11;0.0;0.33;0.02;0.0;0.0;510.0;280.0;440.0;110.0;1400.0;250.0;610.0;350.0;260.0;190.0;250.0;860.0;190.0;130.0;350.0;250.0;44.0;330.0;0.0;7
98;193;16;nuts;nuts;peanut;nut, pea, dried;588.671128;25800.0;7700.0;19900.0;0.0;0.0;0.0;9500.0;3100.0;0.0;2300.0;55.6;1.9;170.0;1.52;409.0;703.0;0.0069;2.0;3.1;0.86;0.91;0.1;2.8;0.348;0.106;0.0;0.0;1200.0;3800.0;3700.0;330.0;6000.0;1800.0;1500.0;1600.0;1000.0;760.0;1200.0;2000.0;1000.0;320.0;1700.0;810.0;250.0;1600.0;0.0;0
99;20019;205;cereals and cereal products;cereals;corn;corn flour, masa, unenriched, white;365.200765;9280.0;6400.0;0.0;76290.0;997.0;1724.0;532.0;1610.0;3860.0;1520.0;136.0;1.47;93.0;0.447;214.0;263.0;0.014;5.0;1.8;0.18;0.223;0.097;0.192;0.475;0.029;0.0;0.0;696.0;411.0;599.0;200.0;1729.0;343.0;741.0;456.0;251.0;285.0;302.0;1124.0;240.0;183.0;451.0;268.0;68.0;416.0;8.6;1
100;657;170;herbs and spices;oilseed crops;sesame;sesame seeds, whole, dried;568.116635;17700.0;18000.0;5500.0;0.0;0.0;0.0;6700.0;0.0;0.0;4500.0;959.0;14.6;351.0;2.46;580.0;468.0;0.0244;11.0;7.75;4.08;0.791;0.247;0.05;0.79;0.097;0.0;0.0;1100.0;3100.0;1900.0;440.0;4700.0;1400.0;970.0;1100.0;870.0;600.0;900.0;1600.0;670.0;700.0;1100.0;870.0;470.0;1200.0;0.0;0
101;35136;205;cereals and cereal products;cereals;corn;cornmeal, white (navajo);398.0;10990.0;10400.0;0.0;77140.0;1532.0;2078.0;853.0;1460.0;5040.0;1400.0;11.0;3.79;125.0;0.646;280.0;443.0;0.0;4.0;3.24;0.219;0.31;0.137;2.49;0.583;0.032;0.0;0.0004;836.0;474.0;724.0;217.0;2043.0;399.0;906.0;510.0;412.0;292.0;404.0;1375.0;319.0;258.0;543.0;345.0;70.0;554.0;0.0;1
102;16418;85;soy;soy;soy bean;soy flour, low-fat, crude protein basis (n x 6.25);369.502868;50930.0;10200.0;0.0;33580.0;1480.0;3782.0;969.0;19800.0;6700.0;6090.0;188.0;5.99;229.0;3.08;593.0;2570.0;0.0093;18.0;1.18;5.08;0.38;0.285;1.82;0.522;0.41;0.0;0.0041;2192.0;3610.0;5851.0;750.0;9013.0;2151.0;2722.0;2697.0;1760.0;1255.0;2257.0;3789.0;3097.0;627.0;2428.0;2021.0;676.0;2322.0;0.0;2
103;51;149;fruits;drupes;peach;peach, dried;336.042065;4900.0;14300.0;68400.0;0.0;0.0;0.0;94.0;51100.0;0.0;3400.0;25.0;6.8;80.0;0.67;120.0;945.0;0.0;79.0;0.57;0.63;0.002;0.065;0.3;0.15;0.014;4.8;0.0;240.0;100.0;540.0;55.0;850.0;94.0;170.0;20.0;120.0;100.0;77.0;170.0;180.0;180.0;110.0;170.0;23.0;240.0;0.0;0
104;11667;490;aquatic foods;seaweed;spirulina;seaweed, spirulina, dried;290.0;57470.0;3600.0;0.0;23900.0;675.0;2080.0;2650.0;3100.0;7720.0;6230.0;120.0;28.5;195.0;1.9;118.0;1363.0;0.0072;1048.0;2.0;6.1;2.38;3.67;3.48;0.364;0.094;10.1;0.0255;4515.0;4147.0;5793.0;662.0;8386.0;3099.0;2382.0;2998.0;2584.0;1085.0;3209.0;4947.0;3025.0;1149.0;2777.0;2970.0;929.0;3512.0;66.0;3
105;2021;206;herbs and spices;spices;ginger;spices, ginger, ground;335.564054;8980.0;14100.0;0.0;71620.0;479.0;929.0;2599.0;3390.0;4240.0;5220.0;114.0;19.8;214.0;33.3;168.0;1320.0;0.0558;27.0;3.64;0.48;0.046;0.17;0.477;0.626;0.013;0.7;0.0008;272.0;708.0;1387.0;99.0;790.0;497.0;334.0;250.0;243.0;199.0;341.0;513.0;241.0;89.0;311.0;289.0;152.0;411.0;41.2;1
106;20003;291;vegetables;tubers;arrowroot;arrowroot flour;357.07457;300.0;3400.0;0.0;88150.0;2.0;45.0;19.0;0.0;100.0;80.0;40.0;0.33;3.0;0.47;5.0;11.0;0.0;2.0;0.07;0.04;0.001;0.0;0.13;0.005;0.007;0.0;0.0;14.0;12.0;47.0;6.0;50.0;14.0;9.0;13.0;9.0;4.0;10.0;19.0;13.0;6.0;12.0;12.0;4.0;14.0;0.0;1
107;12170;170;herbs and spices;oilseed crops;sesame;seeds, sesame flour, high-fat;526.051625;30780.0;0.0;0.0;26620.0;14010.0;16261.0;5196.0;0.0;37100.0;4600.0;159.0;15.17;361.0;1.489;807.0;423.0;0.0;41.0;10.67;1.52;2.684;0.286;2.928;0.152;0.031;0.0;0.0;1609.0;4565.0;2858.0;621.0;6865.0;2108.0;1406.0;1679.0;1289.0;906.0;1324.0;2358.0;987.0;1016.0;1632.0;1278.0;674.0;1719.0;0.0;3
108;20065;169;cereals and cereal products;cereals;rye;rye flour, light;357.0;9820.0;8000.0;0.0;76680.0;158.0;584.0;150.0;930.0;1330.0;780.0;13.0;0.91;32.0;1.162;130.0;224.0;0.0176;2.0;1.33;0.213;0.331;0.09;0.665;0.234;0.023;0.0;0.0059;337.0;380.0;496.0;0.0;2457.0;333.0;965.0;434.0;199.0;147.0;235.0;556.0;210.0;113.0;445.0;278.0;111.0;323.0;10.8;1
109;2066;112;herbs and spices;herbs;spearmint;spearmint, dried;285.0;19930.0;29800.0;0.0;52040.0;210.0;3257.0;1577.0;0.0;6030.0;10700.0;1488.0;87.47;602.0;11.482;276.0;1924.0;0.0;344.0;2.41;1.542;0.288;1.421;1.399;2.579;0.53;0.0;0.0;1036.0;918.0;2353.0;220.0;2172.0;957.0;816.0;778.0;600.0;399.0;816.0;1496.0;858.0;281.0;1017.0;816.0;306.0;995.0;0.0;2
110;12077;301;nuts;nuts;beech nut;nuts, beechnuts, dried;576.003824;6200.0;0.0;0.0;33500.0;21892.0;20089.0;5719.0;0.0;50000.0;3700.0;1.0;2.46;0.0;1.341;0.0;1017.0;0.0;38.0;0.36;0.67;0.304;0.371;0.925;0.684;0.113;15.5;0.0;414.0;443.0;1071.0;197.0;800.0;319.0;326.0;310.0;172.0;172.0;245.0;367.0;367.0;146.0;262.0;221.0;69.0;346.0;0.0;3
111;8120;270;cereals and cereal products;cereal products;breakfast cereal;cereals, oats, regular and quick, not fortified, dry;379.063098;13150.0;10100.0;0.0;67700.0;1980.0;2300.0;1110.0;990.0;6520.0;1770.0;52.0;4.25;138.0;3.63;410.0;362.0;0.0289;6.0;3.64;0.391;0.46;0.155;1.12;0.1;0.032;0.0;0.002;563.0;850.0;1217.0;455.0;2830.0;642.0;451.0;705.0;395.0;275.0;503.0;980.0;637.0;207.0;665.0;382.0;182.0;688.0;40.4;1
112;12130;382;nuts;nuts;hickory nut;nuts, hickorynuts, dried;657.026769;12720.0;6400.0;0.0;18250.0;32611.0;21886.0;7038.0;0.0;64370.0;2000.0;61.0;2.12;173.0;4.61;336.0;436.0;0.0081;1.0;4.31;0.738;0.867;0.131;1.746;0.192;0.04;2.0;0.0;662.0;2086.0;1368.0;271.0;2885.0;708.0;571.0;806.0;454.0;389.0;576.0;1027.0;497.0;300.0;713.0;422.0;139.0;730.0;0.0;5
113;90;8;herbs and spices;herbs;garlic;garlic, dried, powder;349.426386;16800.0;9900.0;62700.0;0.0;0.0;0.0;143.0;0.0;0.0;3300.0;80.0;2.75;58.0;0.0;417.0;1101.0;0.0;26.0;2.63;0.0;0.466;0.152;0.0;0.0;0.0;3.58;0.0;350.0;1700.0;1300.0;170.0;2100.0;540.0;260.0;510.0;220.0;300.0;560.0;810.0;730.0;200.0;480.0;400.0;180.0;780.0;0.0;7
114;338;105;fruits;pomes;apple;apple, dried;255.258126;930.0;8700.0;0.0;0.0;0.0;0.0;63.0;41000.0;0.0;1100.0;30.0;1.4;5.0;0.2;38.0;450.0;0.0005;87.0;0.2;0.04;0.065;0.1;0.3;0.125;0.0;3.9;0.0;42.0;24.0;300.0;2.0;73.0;27.0;30.0;37.0;13.0;15.0;30.0;48.0;45.0;8.0;27.0;24.0;8.0;36.0;0.0;0
115;9264;73;fruits;tropical fruits;japanese persimmon;persimmons, japanese, dried;274.0;1380.0;14500.0;0.0;73430.0;0.0;0.0;0.0;0.0;590.0;1590.0;25.0;0.74;31.0;1.39;81.0;802.0;0.0;2.0;0.42;0.442;0.0;0.029;0.0;0.0;0.0;0.0;0.0;68.0;59.0;136.0;30.0;179.0;60.0;53.0;53.0;39.0;27.0;60.0;101.0;78.0;12.0;63.0;71.0;24.0;72.0;0.0;1
116;2010;50;herbs and spices;spices;chinese cinnamon;spices, cinnamon, ground;247.370937;3990.0;53100.0;0.0;80590.0;246.0;68.0;345.0;2170.0;1240.0;3600.0;1002.0;8.32;60.0;17.466;64.0;431.0;0.0031;10.0;1.83;0.339;0.022;0.041;0.358;0.158;0.006;3.8;0.0312;166.0;166.0;438.0;58.0;370.0;195.0;419.0;195.0;136.0;117.0;146.0;253.0;243.0;78.0;146.0;136.0;49.0;224.0;11.0;2
117;20063;169;cereals and cereal products;cereals;rye;rye flour, dark;325.047801;15910.0;23800.0;0.0;68630.0;284.0;1046.0;269.0;2310.0;2220.0;2500.0;37.0;4.97;160.0;6.062;499.0;717.0;0.018;2.0;5.04;0.56;0.316;0.251;1.456;0.443;0.033;0.0;0.0059;647.0;764.0;827.0;0.0;3139.0;680.0;1014.0;681.0;271.0;233.0;353.0;857.0;338.0;199.0;646.0;490.0;180.0;498.0;30.4;6
118;20061;125;cereals and cereal products;cereals;rice;rice flour, white;366.0;5950.0;2400.0;0.0;80130.0;442.0;379.0;386.0;120.0;1420.0;610.0;10.0;0.35;35.0;1.2;98.0;76.0;0.0151;0.0;0.8;0.13;0.138;0.021;0.819;0.436;0.004;0.0;0.0;332.0;516.0;549.0;107.0;1097.0;267.0;278.0;310.0;314.0;149.0;244.0;488.0;207.0;144.0;317.0;210.0;72.0;348.0;5.8;1
119;12034;170;herbs and spices;oilseed crops;sesame;seeds, sesame meal, partially defatted;567.0;16960.0;0.0;0.0;26040.0;18127.0;21039.0;6722.0;0.0;48000.0;4000.0;153.0;14.55;346.0;1.427;774.0;406.0;0.0;39.0;10.23;1.457;2.573;0.275;2.807;0.146;0.03;0.0;0.0;886.0;2515.0;1574.0;342.0;3782.0;1162.0;774.0;925.0;710.0;499.0;730.0;1299.0;544.0;560.0;899.0;704.0;371.0;947.0;0.0;3
120;20316;205;cereals and cereal products;cereals;corn;corn flour, whole-grain, white;361.0;6930.0;7300.0;0.0;76850.0;1018.0;1759.0;543.0;640.0;3860.0;1450.0;7.0;2.38;93.0;0.46;272.0;315.0;0.0154;5.0;1.73;0.23;0.246;0.08;0.658;0.37;0.025;0.0;0.0003;518.0;345.0;482.0;125.0;1300.0;284.0;605.0;329.0;282.0;211.0;248.0;850.0;195.0;145.0;340.0;261.0;49.0;351.0;21.6;1
121;2029;131;herbs and spices;herbs;parsley;spices, parsley, dried;291.586998;26630.0;26700.0;0.0;50640.0;761.0;3124.0;1378.0;7270.0;5480.0;11360.0;1140.0;22.04;400.0;9.81;436.0;2683.0;0.0141;452.0;5.44;0.78;0.196;2.383;1.062;0.9;0.18;125.0;1.3595;1778.0;1756.0;3169.0;298.0;3688.0;1756.0;2010.0;1159.0;1159.0;718.0;1546.0;2794.0;2098.0;596.0;1712.0;1193.0;475.0;2021.0;97.1;2
122;12022;42;herbs and spices;oilseed crops;safflower;seeds, safflower seed meal, partially defatted;342.017208;35620.0;0.0;0.0;48730.0;272.0;1584.0;207.0;0.0;2390.0;6850.0;77.0;4.86;350.0;1.998;638.0;68.0;0.0;3.0;5.01;1.733;1.153;0.412;3.996;1.161;0.159;0.0;0.0;1700.0;3851.0;3978.0;685.0;8145.0;2224.0;1599.0;1788.0;1169.0;995.0;1579.0;2540.0;1176.0;625.0;1774.0;1290.0;403.0;2258.0;0.0;3
123;463;170;herbs and spices;oilseed crops;sesame;sesame seed, decorticated;597.992352;22700.0;8800.0;4600.0;0.0;0.0;0.0;8600.0;0.0;0.0;2900.0;64.8;14.6;351.0;2.46;739.0;468.0;0.0244;11.0;7.75;4.08;0.791;0.247;0.05;0.79;0.097;0.0;0.0;1200.0;3300.0;2000.0;460.0;5000.0;1500.0;990.0;1200.0;910.0;660.0;950.0;1700.0;700.0;740.0;1200.0;910.0;500.0;1200.0;0.0;0
124;20016;205;cereals and cereal products;cereals;corn;corn flour, whole-grain, yellow;361.0;6930.0;7300.0;0.0;76850.0;1018.0;1759.0;543.0;640.0;3860.0;1450.0;7.0;2.38;93.0;0.46;272.0;315.0;0.0154;5.0;1.73;0.23;0.246;0.08;0.658;0.37;0.025;0.0;0.0003;518.0;345.0;482.0;125.0;1300.0;284.0;605.0;329.0;282.0;211.0;248.0;850.0;195.0;145.0;340.0;261.0;49.0;351.0;21.6;1
125;12094;336;nuts;nuts;chinese chestnut;nuts, chestnuts, chinese, dried;363.049713;6820.0;0.0;0.0;79760.0;945.0;468.0;266.0;0.0;1810.0;2710.0;29.0;2.29;137.0;2.601;155.0;726.0;0.0;5.0;1.41;0.59;0.26;0.293;0.902;0.666;0.11;58.5;0.0;324.0;699.0;1385.0;179.0;873.0;299.0;263.0;299.0;203.0;197.0;255.0;421.0;371.0;165.0;309.0;272.0;80.0;358.0;0.0;1
126;20446;125;cereals and cereal products;cereals;rice;rice, white, long-grain, parboiled, unenriched, dry;374.0;7510.0;1800.0;0.0;80890.0;258.0;322.0;294.0;330.0;1030.0;710.0;71.0;0.74;27.0;1.035;153.0;174.0;0.0199;2.0;1.02;0.284;0.224;0.05;0.672;0.452;0.008;0.0;0.0001;433.0;651.0;795.0;153.0;1395.0;358.0;484.0;366.0;216.0;185.0;339.0;656.0;215.0;183.0;398.0;271.0;103.0;470.0;0.0;1
127;12100;368;nuts;nuts;european chestnut;nuts, chestnuts, european, dried, peeled;369.024857;5010.0;0.0;0.0;78430.0;1349.0;1546.0;736.0;0.0;3910.0;3640.0;64.0;2.39;74.0;1.183;137.0;991.0;0.0;37.0;0.35;0.653;0.354;0.054;0.901;0.666;0.11;15.1;0.0;335.0;359.0;866.0;159.0;647.0;258.0;264.0;251.0;139.0;139.0;198.0;297.0;297.0;118.0;212.0;179.0;56.0;280.0;0.0;1
128;20481;575;cereals and cereal products;cereals;wheat;wheat flour, white, all-purpose, unenriched;364.005736;10330.0;2700.0;0.0;76310.0;87.0;413.0;155.0;270.0;980.0;470.0;15.0;1.17;22.0;0.682;108.0;107.0;0.0339;2.0;0.7;0.144;0.12;0.04;0.438;0.044;0.026;0.0;0.0003;332.0;417.0;435.0;219.0;3479.0;371.0;1198.0;516.0;312.0;230.0;357.0;710.0;228.0;183.0;520.0;281.0;127.0;415.0;10.4;1
129;12014;66;gourds;gourds;cucurbita;seeds, pumpkin and squash seed kernels, dried;559.034417;30230.0;6000.0;0.0;10710.0;16242.0;20976.0;8659.0;1400.0;49050.0;4780.0;46.0;8.82;592.0;4.543;1233.0;809.0;0.0094;7.0;7.81;1.343;0.273;0.153;0.75;0.143;0.058;1.9;0.0073;1485.0;5353.0;2960.0;332.0;6188.0;1843.0;1316.0;1673.0;1093.0;780.0;1281.0;2419.0;1236.0;603.0;1733.0;998.0;576.0;1579.0;63.0;3
130;542;575;cereals and cereal products;cereals;wheat;wheat, flour, wholemeal;340.82218;10600.0;13800.0;60000.0;0.0;0.0;0.0;483.0;540.0;0.0;1500.0;29.8;3.31;103.0;2.74;313.0;379.0;0.0001;4.13;2.6;0.317;0.39;0.075;0.68;0.34;0.05;0.0;0.03;460.0;550.0;610.0;180.0;3400.0;480.0;1000.0;550.0;290.0;280.0;420.0;750.0;370.0;170.0;520.0;350.0;150.0;570.0;0.0;7
131;20070;246;cereals and cereal products;cereals;triticale;triticale flour, whole-grain;338.0;13180.0;14600.0;0.0;73140.0;183.0;794.0;318.0;0.0;1810.0;1850.0;35.0;2.59;153.0;4.185;321.0;466.0;0.0;2.0;2.66;0.559;0.378;0.132;2.167;0.403;0.074;0.0;0.0;491.0;678.0;794.0;278.0;4048.0;565.0;1196.0;599.0;387.0;314.0;484.0;920.0;369.0;206.0;644.0;409.0;158.0;615.0;0.0;1
132;16128;718;soy;soy products;tofu;tofu, dried-frozen (koyadofu);480.0;47940.0;7200.0;0.0;14560.0;6701.0;17128.0;4388.0;0.0;30340.0;1380.0;364.0;9.73;59.0;3.689;483.0;20.0;0.0543;6.0;4.9;1.179;0.494;0.317;0.415;0.286;0.092;0.7;0.0;1965.0;3190.0;5298.0;663.0;8287.0;1872.0;2586.0;2259.0;1604.0;1394.0;2376.0;3644.0;3157.0;613.0;2334.0;1956.0;747.0;2418.0;0.0;3
133;12006;333;herbs and spices;other seeds;chia;seeds, chia seeds, dried;486.137667;16540.0;34400.0;0.0;42120.0;2309.0;23665.0;3330.0;0.0;30740.0;4800.0;631.0;7.72;335.0;2.723;860.0;407.0;0.0552;16.0;4.58;0.924;0.62;0.17;0.0;0.0;0.049;1.6;0.0;1044.0;2143.0;1689.0;407.0;3500.0;943.0;776.0;1049.0;563.0;531.0;801.0;1371.0;970.0;588.0;1016.0;709.0;436.0;950.0;0.0;3
134;1478;171;vegetables;fruit vegetables;garden tomato;tomato, dried;284.17782;14100.0;12300.0;43500.0;0.0;0.0;0.0;499.0;37600.0;0.0;12600.0;110.0;9.09;194.0;1.85;356.0;3427.0;0.0055;2095.0;1.99;1.42;0.528;0.489;2.09;0.332;0.068;39.2;0.0;410.0;340.0;2000.0;180.0;5200.0;340.0;270.0;380.0;250.0;220.0;340.0;520.0;520.0;120.0;360.0;360.0;100.0;360.0;0.0;0
135;18375;682;baking goods;baking goods;leavening agent;leavening agents, yeast, bakers, active dry;325.286807;40440.0;26900.0;0.0;41220.0;4309.0;17.0;1001.0;0.0;7610.0;5650.0;30.0;2.17;54.0;0.312;637.0;955.0;0.0079;51.0;7.94;0.436;10.99;4.0;13.5;1.5;2.34;0.3;0.0004;2320.0;2030.0;4150.0;500.0;6470.0;1930.0;1650.0;1980.0;1130.0;910.0;1890.0;2920.0;3280.0;590.0;1750.0;1990.0;540.0;2310.0;32.0;2
136;2033;447;herbs and spices;spices;opium poppy;spices, poppy seed;525.0;17990.0;19500.0;0.0;28130.0;5982.0;28569.0;4517.0;2990.0;41560.0;6370.0;1438.0;9.76;347.0;6.707;870.0;719.0;0.0135;26.0;7.9;1.627;0.854;0.1;0.324;0.247;0.082;1.0;0.0;839.0;1945.0;2365.0;297.0;4299.0;952.0;2754.0;952.0;727.0;471.0;819.0;1321.0;952.0;502.0;758.0;686.0;184.0;1095.0;8.8;3
137;16417;85;soy;soy;soy bean;soy flour, defatted, crude protein basis (n x 6.25);372.131931;49810.0;16000.0;0.0;30630.0;1460.0;4215.0;1290.0;14580.0;8900.0;6040.0;285.0;8.2;285.0;3.15;675.0;2090.0;0.0589;9.0;4.1;1.6;1.088;0.28;1.55;1.05;0.305;0.0;0.0041;2215.0;3647.0;5911.0;757.0;9106.0;2174.0;2750.0;2725.0;1778.0;1268.0;2281.0;3828.0;3129.0;634.0;2453.0;2042.0;683.0;2346.0;191.7;2
138;20056;125;cereals and cereal products;cereals;rice;rice, white, with pasta, dry;368.068834;9370.0;0.0;0.0;75320.0;642.0;966.0;440.0;0.0;2440.0;5750.0;46.0;3.98;40.0;1.04;158.0;209.0;0.0319;1866.0;1.21;0.275;0.76;0.271;0.675;0.145;0.331;0.6;0.0;440.0;612.0;689.0;200.0;2420.0;376.0;666.0;472.0;330.0;208.0;386.0;722.0;275.0;191.0;482.0;299.0;114.0;504.0;0.0;1
139;20648;177;cereals and cereal products;cereals;sorghum;sorghum flour;361.0;7870.0;6600.0;0.0;77470.0;879.0;1367.0;475.0;1870.0;3290.0;1310.0;12.0;2.99;120.0;1.262;288.0;311.0;0.0122;4.0;1.44;0.222;0.277;0.053;0.93;0.345;0.025;0.0;0.0064;708.0;308.0;519.0;154.0;1626.0;293.0;608.0;384.0;210.0;156.0;288.0;1013.0;162.0;135.0;412.0;291.0;99.0;361.0;0.0;1
140;2018;82;herbs and spices;herbs;fennel;spices, fennel seed;345.0;15800.0;39800.0;0.0;52290.0;9910.0;1690.0;480.0;0.0;14870.0;8220.0;1196.0;18.54;385.0;6.533;487.0;1694.0;0.0;88.0;3.7;1.067;0.408;0.353;0.0;0.47;0.0;21.0;0.0;789.0;680.0;1833.0;222.0;2956.0;1107.0;900.0;900.0;410.0;331.0;695.0;996.0;758.0;301.0;647.0;602.0;253.0;915.0;0.0;2
141;11268;562;vegetables;mushrooms;shiitake;mushrooms, shiitake, dried;296.0;9580.0;11500.0;0.0;75370.0;317.0;151.0;225.0;2210.0;990.0;4560.0;11.0;1.72;132.0;1.176;294.0;1534.0;0.0461;13.0;7.66;5.165;0.3;1.27;21.879;0.965;0.163;3.5;0.0;567.0;648.0;760.0;196.0;2579.0;414.0;414.0;506.0;323.0;159.0;405.0;679.0;343.0;179.0;486.0;497.0;31.0;486.0;201.7;1
142;1;144;fruits;drupes;apricot;apricot, dried;277.007648;3390.0;7300.0;0.0;0.0;0.0;0.0;135.0;41900.0;0.0;2800.0;67.5;6.0;41.0;0.235;65.7;1026.0;0.0022;21.0;0.2;0.27;0.0;0.06;0.7;0.17;0.014;1.0;0.0;100.0;60.0;580.0;1.0;120.0;70.0;770.0;93.0;36.0;44.0;79.0;140.0;120.0;19.0;79.0;65.0;14.0;120.0;0.0;0
143;12193;485;herbs and spices;other seeds;hedge mustard;seeds, sisymbrium sp. seeds, whole, dried;318.116635;12140.0;0.0;0.0;58260.0;1486.0;2023.0;902.0;0.0;4600.0;18900.0;1633.0;0.11;314.0;1.512;6.0;2130.0;0.0;92.0;0.3;0.11;0.191;0.423;0.997;0.778;0.095;30.7;0.0;685.0;799.0;1484.0;245.0;1770.0;698.0;673.0;483.0;419.0;325.0;650.0;1234.0;806.0;311.0;584.0;689.0;266.0;705.0;0.0;1
144;173;205;cereals and cereal products;cereals;corn;corn starch;366.634799;400.0;500.0;88800.0;0.0;0.0;0.0;0.0;0.0;0.0;0.0;10.0;0.28;4.0;1.0;99.0;5.0;0.0;1.7;0.5;0.0;0.0;0.008;0.0;0.005;0.0;0.0;0.0;0.0;0.0;0.0;0.0;0.0;0.0;0.0;0.0;0.0;0.0;0.0;0.0;0.0;0.0;0.0;0.0;5.0;0.0;0.0;7
145;389;682;baking goods;baking goods;leavening agent;baking powder;174.713193;5200.0;0.0;37800.0;0.0;0.0;0.0;0.0;0.0;0.0;50700.0;11300.0;0.0;9.0;0.0;8430.0;49.0;0.0;11800.0;0.0;0.0;0.0;0.0;0.0;0.0;0.0;0.0;0.0;0.0;0.0;0.0;0.0;0.0;0.0;0.0;0.0;0.0;0.0;0.0;0.0;0.0;0.0;0.0;0.0;60.0;0.0;0.0;7
146;2042;183;herbs and spices;herbs;common thyme;spices, thyme, dried;276.290631;9110.0;37000.0;0.0;63940.0;470.0;1190.0;2730.0;1710.0;7430.0;11740.0;1890.0;123.6;220.0;7.867;201.0;814.0;0.0046;55.0;6.18;0.86;0.513;0.399;0.0;0.55;0.274;50.0;1.7145;0.0;0.0;0.0;0.0;0.0;0.0;0.0;0.0;0.0;0.0;468.0;430.0;207.0;0.0;0.0;252.0;186.0;502.0;43.6;2
147;9165;103;fruits;tropical fruits;lichee;litchis, dried;277.007648;3800.0;4600.0;0.0;70700.0;328.0;361.0;270.0;66100.0;1200.0;2000.0;33.0;1.7;42.0;0.234;181.0;1110.0;0.0013;3.0;0.28;0.631;0.01;0.57;0.0;0.09;0.012;183.0;0.0016;0.0;0.0;0.0;0.0;0.0;0.0;0.0;0.0;0.0;0.0;0.0;0.0;187.0;42.0;0.0;0.0;33.0;0.0;12.7;4
148;2001;288;herbs and spices;spices;allspice;spices, allspice, ground;263.0;6090.0;21600.0;0.0;72120.0;660.0;2360.0;2550.0;0.0;8690.0;4650.0;661.0;7.06;135.0;2.943;113.0;1044.0;0.0027;77.0;1.01;0.553;0.101;0.063;0.0;0.21;0.036;39.2;0.0;0.0;0.0;0.0;0.0;0.0;0.0;0.0;0.0;0.0;0.0;0.0;0.0;0.0;0.0;0.0;0.0;0.0;0.0;0.0;6
149;43401;60;coffee and coffee products;coffee;robusta coffee;coffee, dry, powder, with whitener, reduced calorie;509.560229;1960.0;500.0;0.0;59940.0;1705.0;576.0;25128.0;59000.0;29100.0;2840.0;18.0;0.06;2.0;0.011;135.0;909.0;0.0009;819.0;0.02;0.011;0.0;0.0;0.001;0.0;0.001;0.0;0.0038;0.0;0.0;0.0;0.0;0.0;0.0;0.0;0.0;0.0;0.0;0.0;0.0;0.0;0.0;0.0;0.0;0.0;0.0;0.7;8
150;2038;165;herbs and spices;herbs;common sage;spices, sage, ground;315.0;10630.0;40300.0;0.0;60730.0;1870.0;1760.0;7030.0;1710.0;12750.0;7950.0;1652.0;28.12;428.0;3.133;91.0;1070.0;0.0037;11.0;4.7;0.757;0.754;0.336;0.0;2.69;0.274;32.4;1.7145;0.0;0.0;0.0;0.0;0.0;0.0;0.0;0.0;0.0;0.0;0.0;0.0;0.0;0.0;0.0;0.0;0.0;0.0;43.6;2
151;2002;137;herbs and spices;herbs;anise;spices, anise seed;337.237094;17600.0;14600.0;0.0;50020.0;9780.0;3150.0;586.0;0.0;15900.0;6950.0;646.0;36.96;170.0;2.3;440.0;1441.0;0.005;16.0;5.3;0.91;0.34;0.29;0.797;0.65;0.01;21.0;0.0;0.0;0.0;0.0;0.0;0.0;0.0;0.0;0.0;0.0;0.0;0.0;0.0;0.0;0.0;0.0;0.0;0.0;0.0;0.0;2
152;43401;59;coffee and coffee products;coffee;arabica coffee;coffee, dry, powder, with whitener, reduced calorie;509.560229;1960.0;500.0;0.0;59940.0;1705.0;576.0;25128.0;59000.0;29100.0;2840.0;18.0;0.06;2.0;0.011;135.0;909.0;0.0009;819.0;0.02;0.011;0.0;0.0;0.001;0.0;0.001;0.0;0.0038;0.0;0.0;0.0;0.0;0.0;0.0;0.0;0.0;0.0;0.0;0.0;0.0;0.0;0.0;0.0;0.0;0.0;0.0;0.7;8
153;527;61;herbs and spices;herbs;coriander;coriander, leaf, dried;320.745698;21900.0;10400.0;41500.0;0.0;0.0;0.0;253.0;0.0;0.0;14100.0;1246.0;42.5;694.0;0.0;481.0;4466.0;0.0;211.0;0.0;0.0;1.25;1.5;0.0;0.0;0.0;567.0;0.0;0.0;0.0;0.0;0.0;0.0;0.0;0.0;0.0;0.0;0.0;0.0;0.0;0.0;0.0;0.0;0.0;0.0;0.0;0.0;7
154;2012;61;herbs and spices;herbs;coriander;spices, coriander leaf, dried;279.0;21930.0;10400.0;0.0;52100.0;2232.0;328.0;115.0;7270.0;4780.0;14080.0;1246.0;42.46;694.0;6.355;481.0;4466.0;0.0293;211.0;4.72;1.786;1.252;1.5;0.0;0.61;0.274;566.7;1.3595;0.0;0.0;0.0;0.0;0.0;0.0;0.0;0.0;0.0;0.0;0.0;0.0;0.0;0.0;0.0;0.0;0.0;0.0;97.1;2
155;2013;61;herbs and spices;herbs;coriander;spices, coriander seed;297.562141;12370.0;41900.0;0.0;54990.0;13580.0;1750.0;990.0;0.0;17770.0;6020.0;709.0;16.32;330.0;1.9;409.0;1267.0;0.0262;35.0;4.7;0.975;0.239;0.29;0.0;0.0;0.0;21.0;0.0;0.0;0.0;0.0;0.0;0.0;0.0;0.0;0.0;0.0;0.0;0.0;0.0;0.0;0.0;0.0;0.0;0.0;0.0;0.0;2
156;2037;63;herbs and spices;spices;saffron;spices, saffron;310.229446;11430.0;3900.0;0.0;65370.0;429.0;2067.0;1586.0;0.0;5850.0;5450.0;111.0;11.1;264.0;28.408;252.0;1724.0;0.0056;148.0;1.09;0.328;0.115;0.267;0.0;1.01;0.093;80.8;0.0;0.0;0.0;0.0;0.0;0.0;0.0;0.0;0.0;0.0;0.0;0.0;0.0;0.0;0.0;0.0;0.0;0.0;0.0;0.0;1
157;20132;22;cereals and cereal products;cereals;oat;oat flour, partially debranned;404.0;14660.0;6500.0;0.0;65700.0;2866.0;3329.0;1607.0;800.0;9120.0;1970.0;55.0;4.0;144.0;4.019;452.0;371.0;0.034;19.0;3.2;0.437;0.692;0.125;0.201;0.125;0.032;0.0;0.0032;0.0;0.0;0.0;0.0;0.0;0.0;0.0;0.0;0.0;0.0;0.0;0.0;0.0;0.0;0.0;0.0;0.0;0.0;29.9;1
158;2008;332;herbs and spices;spices;chervil;spices, chervil, dried;237.0;23200.0;11300.0;0.0;49100.0;1399.0;1800.0;169.0;0.0;3900.0;16600.0;1346.0;31.95;130.0;2.1;450.0;4740.0;0.0293;83.0;8.8;0.44;0.38;0.68;0.0;0.93;0.274;50.0;0.0;0.0;0.0;0.0;0.0;0.0;0.0;0.0;0.0;0.0;0.0;0.0;0.0;0.0;0.0;0.0;0.0;0.0;0.0;0.0;2
159;35232;863;herbs and spices;herbs;yellow pond-lily;wocas, dried seeds, oregon, yellow pond lily, nuphar lutea (or) - cy0617b;361.376673;7900.0;19200.0;0.0;80020.0;100.0;161.0;147.0;430.0;1070.0;1650.0;27.0;1.47;86.0;0.937;229.0;553.0;0.0007;25.0;6.33;0.073;0.03;0.07;1.3;0.957;0.005;0.0;0.0;0.0;0.0;0.0;0.0;0.0;0.0;0.0;0.0;0.0;0.0;0.0;0.0;0.0;0.0;0.0;0.0;0.0;0.0;0.0;1
160;35131;205;cereals and cereal products;cereals;corn;cornmeal, blue (navajo);398.183556;10400.0;8700.0;0.0;76930.0;1679.0;2465.0;886.0;1810.0;5440.0;1540.0;5.0;2.91;133.0;0.758;354.0;393.0;0.0118;7.0;2.91;0.218;0.285;0.107;0.353;0.593;0.058;0.0;0.0;0.0;0.0;0.0;0.0;0.0;0.0;0.0;0.0;0.0;0.0;0.0;0.0;0.0;0.0;0.0;0.0;0.0;0.0;0.0;1
161;2025;118;herbs and spices;spices;nutmeg;spices, nutmeg, ground;525.0;5840.0;20800.0;0.0;49290.0;3220.0;350.0;25940.0;28490.0;36310.0;2340.0;184.0;3.04;183.0;2.9;213.0;350.0;0.0016;16.0;2.15;1.027;0.346;0.057;0.0;0.16;0.076;3.0;0.0;0.0;0.0;0.0;0.0;0.0;0.0;0.0;0.0;0.0;0.0;0.0;0.0;0.0;0.0;0.0;0.0;0.0;0.0;8.8;2
162;2007;15;herbs and spices;spices;wild celery;spices, celery seed;392.208413;18070.0;11800.0;0.0;41350.0;15930.0;3720.0;2190.0;670.0;25270.0;9270.0;1767.0;44.9;440.0;7.567;547.0;1400.0;0.0121;160.0;6.93;1.37;0.34;0.29;0.0;0.89;0.01;17.1;0.0;0.0;0.0;0.0;0.0;0.0;0.0;0.0;0.0;0.0;0.0;0.0;0.0;0.0;0.0;0.0;0.0;0.0;0.0;24.7;2
163;2022;118;herbs and spices;spices;nutmeg;spices, mace, ground;475.382409;6710.0;20200.0;0.0;50500.0;11170.0;4390.0;9510.0;0.0;32380.0;2230.0;252.0;13.9;163.0;1.5;110.0;463.0;0.0027;80.0;2.3;2.467;0.312;0.448;0.0;0.16;0.076;21.0;0.0;0.0;0.0;0.0;0.0;0.0;0.0;0.0;0.0;0.0;0.0;0.0;0.0;0.0;0.0;0.0;0.0;0.0;0.0;0.0;2
164;44055;15;herbs and spices;spices;wild celery;celery flakes, dried;319.0;11300.0;27800.0;0.0;63700.0;405.0;1035.0;555.0;35900.0;2100.0;13900.0;587.0;7.83;196.0;0.0;402.0;4388.0;0.0153;1435.0;2.77;0.571;0.44;0.5;0.0;0.46;0.107;86.5;0.5842;0.0;0.0;0.0;0.0;0.0;0.0;0.0;0.0;0.0;0.0;0.0;0.0;0.0;0.0;0.0;0.0;0.0;0.0;122.3;4
165;20649;575;cereals and cereal products;cereals;wheat;wheat flour, whole-grain, soft wheat;332.456979;9610.0;13100.0;0.0;74480.0;283.0;1167.0;430.0;1020.0;1950.0;1530.0;33.0;3.71;117.0;3.399;323.0;394.0;0.0127;3.0;2.96;0.475;0.297;0.188;1.011;0.191;0.028;0.0;0.0019;0.0;0.0;0.0;0.0;0.0;0.0;0.0;0.0;0.0;0.0;0.0;0.0;0.0;0.0;0.0;0.0;0.0;0.0;31.2;1
166;16157;47;pulses;peas;chickpea;chickpea flour (besan);387.0;22390.0;10800.0;0.0;57820.0;1504.0;2983.0;693.0;10850.0;6690.0;2820.0;45.0;4.86;166.0;1.6;318.0;846.0;0.0083;64.0;2.81;0.912;0.486;0.106;0.606;0.492;0.437;0.0;0.0091;0.0;0.0;0.0;0.0;0.0;0.0;0.0;0.0;0.0;0.0;0.0;0.0;0.0;0.0;0.0;0.0;0.0;0.0;0.0;2
167;43401;58;coffee and coffee products;coffee;coffee;coffee, dry, powder, with whitener, reduced calorie;509.560229;1960.0;500.0;0.0;59940.0;1705.0;576.0;25128.0;59000.0;29100.0;2840.0;18.0;0.06;2.0;0.011;135.0;909.0;0.0009;819.0;0.02;0.011;0.0;0.0;0.001;0.0;0.001;0.0;0.0038;0.0;0.0;0.0;0.0;0.0;0.0;0.0;0.0;0.0;0.0;0.0;0.0;0.0;0.0;0.0;0.0;0.0;0.0;0.7;8
168;43343;768;coffee and coffee products;coffee products;coffee mocha;coffee and cocoa (mocha) powder, with whitener and low calorie sweetener;257.0;9000.0;4800.0;0.0;71400.0;954.0;349.0;11376.0;34980.0;13210.0;3290.0;60.0;3.06;122.0;0.807;451.0;1856.0;0.004;500.0;1.01;0.56;0.021;0.109;0.063;0.03;0.005;0.0;0.0017;0.0;0.0;0.0;0.0;0.0;0.0;0.0;0.0;0.0;0.0;0.0;0.0;0.0;0.0;0.0;0.0;0.0;0.0;16.8;4
169;14204;768;coffee and coffee products;coffee products;coffee mocha;coffee and cocoa (mocha) powder, with whitener and low calorie sweetener, decaffeinated;257.0;9000.0;4800.0;0.0;71400.0;954.0;349.0;11376.0;34980.0;13210.0;3290.0;60.0;3.06;122.0;0.807;451.0;1856.0;0.004;500.0;1.01;0.56;0.021;0.109;0.063;0.03;0.005;0.0;0.0017;0.0;0.0;0.0;0.0;0.0;0.0;0.0;0.0;0.0;0.0;0.0;0.0;0.0;0.0;0.0;0.0;0.0;0.0;16.8;4
170;2032;139;herbs and spices;spices;pepper (spice);spices, pepper, white;296.0;10400.0;26200.0;0.0;68610.0;789.0;616.0;626.0;0.0;2120.0;1590.0;265.0;14.31;90.0;4.3;176.0;73.0;0.0031;5.0;1.13;0.91;0.022;0.126;0.0;0.1;0.01;21.0;0.0;0.0;0.0;0.0;0.0;0.0;0.0;0.0;0.0;0.0;0.0;0.0;0.0;0.0;0.0;0.0;0.0;0.0;0.0;0.0;6
171;2043;68;herbs and spices;spices;turmeric;spices, turmeric, ground;354.0;7830.0;21100.0;0.0;64930.0;1660.0;2180.0;3120.0;3210.0;9880.0;6020.0;183.0;41.42;193.0;7.833;268.0;2525.0;0.0045;38.0;4.35;0.603;0.152;0.233;0.0;1.8;0.039;25.9;0.0134;0.0;0.0;0.0;0.0;0.0;0.0;0.0;0.0;0.0;0.0;0.0;0.0;0.0;0.0;0.0;0.0;0.0;0.0;49.2;6
172;18371;682;baking goods;baking goods;leavening agent;leavening agents, baking powder, low-sodium;97.036329;100.0;2200.0;0.0;46900.0;6.0;121.0;73.0;0.0;400.0;46400.0;4332.0;8.17;29.0;0.42;6869.0;10100.0;0.0002;90.0;0.72;0.019;0.0;0.0;0.0;0.0;0.0;0.0;0.0;0.0;0.0;0.0;0.0;0.0;0.0;0.0;0.0;0.0;0.0;0.0;0.0;0.0;0.0;0.0;0.0;0.0;0.0;0.0;1
173;2041;19;herbs and spices;herbs;tarragon;spices, tarragon, dried;295.41109;22770.0;7400.0;0.0;50220.0;474.0;3698.0;1881.0;0.0;7240.0;12030.0;1139.0;32.3;347.0;7.967;313.0;3020.0;0.0044;62.0;3.9;0.677;0.251;1.339;0.0;2.41;0.274;50.0;0.0;0.0;0.0;0.0;0.0;0.0;0.0;0.0;0.0;0.0;0.0;0.0;0.0;0.0;0.0;0.0;0.0;0.0;0.0;0.0;2
174;18370;682;baking goods;baking goods;leavening agent;leavening agents, baking powder, double-acting, straight phosphate;51.0;100.0;200.0;0.0;24100.0;0.0;0.0;0.0;0.0;0.0;71800.0;7364.0;11.27;39.0;0.014;9918.0;5.0;0.0002;7893.0;0.02;0.013;0.0;0.0;0.0;0.0;0.0;0.0;0.0;0.0;0.0;0.0;0.0;0.0;0.0;0.0;0.0;0.0;0.0;0.0;0.0;0.0;0.0;0.0;0.0;0.0;0.0;0.0;1
175;2023;122;herbs and spices;herbs;sweet marjoram;spices, marjoram, dried;271.510516;12660.0;40300.0;0.0;60560.0;940.0;4405.0;529.0;4090.0;7040.0;12100.0;1990.0;82.71;346.0;5.433;306.0;1522.0;0.0045;77.0;3.6;1.133;0.289;0.316;0.0;1.19;0.274;51.4;0.6217;0.0;0.0;0.0;0.0;0.0;0.0;0.0;0.0;0.0;0.0;0.0;0.0;0.0;0.0;0.0;0.0;0.0;0.0;43.6;2
176;18369;682;baking goods;baking goods;leavening agent;leavening agents, baking powder, double-acting, sodium aluminum sulfate;53.059273;0.0;200.0;0.0;27700.0;0.0;0.0;0.0;0.0;0.0;67300.0;5876.0;11.02;27.0;0.011;2191.0;20.0;0.0002;10600.0;0.01;0.01;0.0;0.0;0.0;0.0;0.0;0.0;0.0;0.0;0.0;0.0;0.0;0.0;0.0;0.0;0.0;0.0;0.0;0.0;0.0;0.0;0.0;0.0;0.0;0.0;0.0;0.0;1
177;2004;97;herbs and spices;herbs;sweet bay;spices, bay leaf;313.575526;7610.0;26300.0;0.0;74970.0;1640.0;2290.0;2280.0;0.0;8360.0;3620.0;834.0;43.0;120.0;8.167;113.0;529.0;0.0028;23.0;3.7;0.416;0.009;0.421;0.0;1.74;0.18;46.5;0.0;0.0;0.0;0.0;0.0;0.0;0.0;0.0;0.0;0.0;0.0;0.0;0.0;0.0;0.0;0.0;0.0;0.0;0.0;0.0;6
178;1049;616;aquatic foods;seaweed;kombu;seaweed, konbu, dried (kelp);249.521989;7900.0;5300.0;49700.0;0.0;0.0;0.0;200.0;0.0;0.0;24500.0;680.0;3.3;121.0;0.0;250.0;7500.0;0.0007;3100.0;1.0;0.5;0.21;0.32;0.0;0.01;0.18;0.0;0.0;0.0;0.0;0.0;0.0;0.0;0.0;0.0;0.0;0.0;0.0;0.0;0.0;0.0;0.0;0.0;0.0;0.0;0.0;0.0;7
179;2014;67;herbs and spices;spices;cumin;spices, cumin seed;375.0;17810.0;10500.0;0.0;44240.0;14040.0;3279.0;1535.0;2250.0;22270.0;7620.0;931.0;66.36;366.0;3.333;499.0;1788.0;0.0052;168.0;4.8;0.867;0.628;0.327;0.0;0.435;0.01;7.7;0.0054;0.0;0.0;0.0;0.0;0.0;0.0;0.0;0.0;0.0;0.0;0.0;0.0;0.0;0.0;0.0;0.0;0.0;0.0;24.7;2
180;479;86;herbs and spices;oilseed crops;sunflower;sunflower seeds, decorticated, dried;643.164436;24200.0;9900.0;3600.0;0.0;0.0;0.0;5500.0;0.0;0.0;2900.0;95.0;5.0;0.0;0.0;540.0;510.0;0.056;2.0;0.0;0.0;2.1;0.24;0.0;0.348;0.066;0.0;0.0;0.0;0.0;0.0;0.0;0.0;0.0;0.0;0.0;0.0;0.0;0.0;0.0;0.0;0.0;0.0;0.0;0.0;0.0;0.0;0
181;406;700;herbs and spices;herb and spice mixtures;curry powder;curry powder;339.388145;12700.0;33200.0;25200.0;0.0;0.0;0.0;3326.0;0.0;0.0;5600.0;478.0;29.6;254.0;0.0;349.0;1543.0;0.0171;52.0;4.05;1.04;0.253;0.281;0.0;1.15;0.154;11.4;0.0;0.0;0.0;0.0;0.0;0.0;0.0;0.0;0.0;0.0;0.0;0.0;0.0;0.0;0.0;0.0;0.0;0.0;0.0;0.0;0
182;2015;700;herbs and spices;herb and spice mixtures;curry powder;spices, curry powder;325.047801;12660.0;33200.0;0.0;58150.0;5551.0;2557.0;2237.0;2760.0;13810.0;5570.0;478.0;29.59;254.0;4.289;349.0;1543.0;0.0171;52.0;4.05;0.815;0.253;0.281;0.0;1.15;0.154;11.4;0.0998;0.0;0.0;0.0;0.0;0.0;0.0;0.0;0.0;0.0;0.0;0.0;0.0;0.0;0.0;0.0;0.0;0.0;0.0;64.2;2
183;9147;393;fruits;other fruits;jujube;jujube, dried;287.045889;3700.0;0.0;0.0;73600.0;0.0;0.0;0.0;0.0;1100.0;1900.0;79.0;1.8;37.0;0.305;100.0;531.0;0.0;9.0;0.19;0.265;0.21;0.36;0.0;0.0;0.0;13.0;0.0;0.0;0.0;0.0;0.0;0.0;0.0;0.0;0.0;0.0;0.0;0.0;0.0;0.0;0.0;0.0;0.0;0.0;0.0;0.0;1
184;11988;568;vegetables;mushrooms;cloud ear fungus;fungi, cloud ears, dried;284.416826;9250.0;70100.0;0.0;73010.0;0.0;0.0;0.0;0.0;730.0;2210.0;159.0;5.88;83.0;1.951;184.0;754.0;0.0434;35.0;1.32;0.183;0.015;0.844;0.481;0.112;0.038;0.0;0.0;0.0;0.0;0.0;0.0;0.0;0.0;0.0;0.0;0.0;0.0;0.0;0.0;0.0;0.0;0.0;0.0;0.0;0.0;0.0;2
185;2031;40;vegetables;fruit vegetables;pepper;spices, pepper, red or cayenne;318.116635;12010.0;27200.0;0.0;56630.0;2750.0;8370.0;3260.0;10340.0;17270.0;6040.0;148.0;7.8;152.0;2.0;293.0;2014.0;0.0088;30.0;2.48;0.373;0.328;0.919;0.0;2.45;0.106;76.4;0.0803;0.0;0.0;0.0;0.0;0.0;0.0;0.0;0.0;0.0;0.0;0.0;0.0;0.0;0.0;0.0;0.0;0.0;0.0;51.5;2
186;2036;159;herbs and spices;herbs;rosemary;spices, rosemary, dried;331.500956;4880.0;42600.0;0.0;64060.0;3014.0;2339.0;7371.0;0.0;15220.0;6530.0;1280.0;29.25;220.0;1.867;70.0;955.0;0.0046;50.0;3.23;0.55;0.514;0.428;0.0;1.74;0.307;61.2;0.0;0.0;0.0;0.0;0.0;0.0;0.0;0.0;0.0;0.0;0.0;0.0;0.0;0.0;0.0;0.0;0.0;0.0;0.0;0.0;2
187;11230;560;vegetables;mushrooms;jews ear;pepeao, dried;298.279159;4820.0;0.0;0.0;81030.0;0.0;0.0;0.0;0.0;440.0;2570.0;113.0;6.14;146.0;1.151;116.0;708.0;0.0453;70.0;7.52;5.07;0.826;0.35;21.477;0.95;0.16;1.4;0.0;0.0;0.0;0.0;0.0;0.0;0.0;0.0;0.0;0.0;0.0;0.0;0.0;0.0;0.0;0.0;0.0;0.0;0.0;0.0;1
188;20018;205;cereals and cereal products;cereals;corn;corn flour, degermed, unenriched, yellow;375.0;5590.0;1900.0;0.0;82750.0;274.0;695.0;171.0;640.0;1390.0;460.0;2.0;0.91;18.0;0.056;60.0;90.0;0.008;1.0;0.37;0.142;0.074;0.058;0.052;0.097;0.048;0.0;0.0003;0.0;0.0;0.0;0.0;0.0;0.0;0.0;0.0;0.0;0.0;0.0;0.0;0.0;0.0;0.0;0.0;0.0;0.0;0.0;1
189;842;13;herbs and spices;herbs;dill;dill weed, dried;321.223709;20000.0;11900.0;43900.0;0.0;0.0;0.0;0.0;0.0;0.0;12600.0;1784.0;48.8;451.0;0.0;543.0;3308.0;0.0;208.0;3.3;0.0;0.418;0.284;0.0;1.71;0.0;0.0;0.0;0.0;0.0;0.0;0.0;0.0;0.0;0.0;0.0;0.0;0.0;0.0;0.0;0.0;0.0;0.0;0.0;0.0;0.0;0.0;7
190;2017;13;herbs and spices;herbs;dill;spices, dill weed, dried;253.107075;19960.0;13600.0;0.0;55820.0;0.0;0.0;234.0;0.0;4360.0;12560.0;1784.0;48.78;451.0;3.95;543.0;3308.0;0.0;208.0;3.3;0.49;0.418;0.284;0.0;1.71;0.0;50.0;0.0;0.0;0.0;0.0;0.0;0.0;0.0;0.0;0.0;0.0;0.0;0.0;0.0;0.0;0.0;0.0;0.0;0.0;0.0;0.0;2
191;8144;270;cereals and cereal products;cereal products;breakfast cereal;cereals, whole wheat hot natural cereal, dry;342.017208;11200.0;9500.0;0.0;75200.0;283.0;1008.0;300.0;420.0;2000.0;1600.0;40.0;3.39;122.0;3.2;379.0;389.0;0.0707;2.0;2.66;0.458;0.4;0.3;0.915;0.391;0.078;0.0;0.0024;0.0;0.0;0.0;0.0;0.0;0.0;0.0;0.0;0.0;0.0;0.0;0.0;0.0;0.0;0.0;0.0;0.0;0.0;23.1;1
192;95;456;herbs and spices;herbs;rose hip;rose hip, dried, powder;276.290631;4500.0;43000.0;40000.0;0.0;0.0;0.0;0.0;28000.0;0.0;5200.0;663.0;4.2;240.0;5.5;104.0;1600.0;0.0005;24.0;0.58;0.26;0.06;0.3;0.0;0.05;0.21;41.0;0.0;0.0;0.0;0.0;0.0;0.0;0.0;0.0;0.0;0.0;0.0;0.0;0.0;0.0;0.0;0.0;0.0;0.0;0.0;0.0;0
193;2039;167;herbs and spices;herbs;summer savory;spices, savory, ground;272.0;6730.0;45700.0;0.0;68730.0;0.0;0.0;3260.0;0.0;5910.0;9630.0;2132.0;37.88;377.0;6.1;140.0;1051.0;0.0046;24.0;4.3;0.847;0.366;0.0;0.0;1.81;0.0;50.0;0.0;0.0;0.0;0.0;0.0;0.0;0.0;0.0;0.0;0.0;0.0;0.0;0.0;0.0;0.0;0.0;0.0;0.0;0.0;0.0;2
194;20315;205;cereals and cereal products;cereals;corn;corn flour, whole-grain, blue (harina de maiz morado);364.244742;8750.0;8400.0;0.0;73890.0;0.0;0.0;0.0;0.0;5090.0;1440.0;5.0;1.74;110.0;0.54;263.0;381.0;0.0022;5.0;2.24;0.154;0.16;0.23;0.55;0.47;0.0;0.0;0.0;0.0;0.0;0.0;0.0;0.0;0.0;0.0;0.0;0.0;0.0;0.0;0.0;0.0;0.0;0.0;0.0;0.0;0.0;0.0;1
195;19859;707;cocoa and cocoa products;cocoa products;cocoa powder;cocoa, dry powder, hi-fat or breakfast, plain;486.137667;16800.0;29800.0;0.0;51390.0;7380.0;769.0;12640.0;1550.0;23710.0;5100.0;122.0;14.5;519.0;0.0;758.0;1574.0;0.0123;20.0;6.7;3.61;0.08;0.37;0.0;0.19;0.038;0.0;0.0023;0.0;0.0;0.0;0.0;0.0;0.0;0.0;0.0;0.0;0.0;0.0;0.0;0.0;0.0;0.0;0.0;0.0;0.0;11.9;2
196;19860;707;cocoa and cocoa products;cocoa products;cocoa powder;cocoa, dry powder, hi-fat or breakfast, processed with alkali;479.445507;16800.0;33900.0;0.0;49710.0;7380.0;769.0;12640.0;1530.0;23710.0;6790.0;122.0;14.5;476.0;0.0;758.0;2509.0;0.0123;20.0;6.7;3.61;0.08;0.37;0.0;0.19;0.038;0.0;0.0044;0.0;0.0;0.0;0.0;0.0;0.0;0.0;0.0;0.0;0.0;0.0;0.0;0.0;0.0;0.0;0.0;0.0;0.0;11.4;2
197;16118;85;soy;soy;soy bean;soy flour, low-fat;375.0;45510.0;16000.0;0.0;34930.0;1460.0;4215.0;1290.0;10530.0;8900.0;6040.0;285.0;8.2;285.0;3.15;675.0;2090.0;0.0589;9.0;4.1;1.6;1.088;0.28;1.55;1.05;0.289;0.0;0.0039;0.0;0.0;0.0;0.0;0.0;0.0;0.0;0.0;0.0;0.0;0.0;0.0;0.0;0.0;0.0;0.0;0.0;0.0;191.7;2
198;9188;791;fruits;fruit products;fruit salad;fruit, mixed, (prune and apricot and pear), dried;243.068834;2460.0;7800.0;0.0;64060.0;232.0;110.0;40.0;0.0;490.0;1820.0;38.0;2.71;39.0;0.227;77.0;796.0;0.0;18.0;0.5;0.385;0.044;0.157;0.441;0.159;0.004;3.8;0.0;0.0;0.0;0.0;0.0;0.0;0.0;0.0;0.0;0.0;0.0;0.0;0.0;0.0;0.0;0.0;0.0;0.0;0.0;0.0;1
199;19171;707;cocoa and cocoa products;cocoa products;cocoa powder;cocoa, dry powder, unsweetened, hersheys european style cocoa;400.095602;20000.0;20000.0;0.0;60000.0;0.0;0.0;0.0;0.0;10000.0;0.0;0.0;36.0;0.0;0.0;0.0;0.0;0.0;0.0;0.0;0.0;0.0;0.0;0.0;0.0;0.0;0.0;0.0;0.0;0.0;0.0;0.0;0.0;0.0;0.0;0.0;0.0;0.0;0.0;0.0;0.0;0.0;0.0;0.0;0.0;0.0;0.0;2
200;2006;74;herbs and spices;spices;cardamom;spices, cardamom;311.424474;10760.0;28000.0;0.0;68470.0;870.0;430.0;680.0;0.0;6700.0;5780.0;383.0;13.97;229.0;28.0;178.0;1119.0;0.0;18.0;7.47;0.383;0.198;0.182;0.0;0.23;0.0;21.0;0.0;0.0;0.0;0.0;0.0;0.0;0.0;0.0;0.0;0.0;0.0;0.0;0.0;0.0;0.0;0.0;0.0;0.0;0.0;0.0;6
201;9085;204;fruits;berries;common grape;currants, zante, dried;283.0;4080.0;6800.0;0.0;74080.0;47.0;180.0;28.0;67280.0;270.0;2360.0;86.0;3.26;41.0;0.469;125.0;892.0;0.0007;8.0;0.66;0.468;0.16;0.142;0.045;0.296;0.01;4.7;0.0033;0.0;0.0;0.0;0.0;0.0;0.0;0.0;0.0;0.0;0.0;0.0;0.0;0.0;0.0;0.0;0.0;0.0;0.0;10.6;4
202;11982;40;vegetables;fruit vegetables;pepper;peppers, pasilla, dried;345.0;12350.0;26800.0;0.0;51130.0;0.0;0.0;0.0;0.0;15850.0;5820.0;97.0;9.83;130.0;1.58;267.0;2222.0;0.0032;89.0;1.4;0.423;0.172;3.197;1.591;4.228;0.17;6.4;0.0;0.0;0.0;0.0;0.0;0.0;0.0;0.0;0.0;0.0;0.0;0.0;0.0;0.0;0.0;0.0;0.0;0.0;0.0;0.0;2
203;11663;285;aquatic foods;seaweed;agar;seaweed, agar, dried;306.405354;6210.0;7700.0;0.0;80880.0;27.0;102.0;61.0;2970.0;300.0;3930.0;625.0;21.4;770.0;4.3;52.0;1125.0;0.0074;102.0;5.8;0.61;0.01;0.222;3.018;0.303;0.58;0.0;0.0244;0.0;0.0;0.0;0.0;0.0;0.0;0.0;0.0;0.0;0.0;0.0;0.0;0.0;0.0;0.0;0.0;0.0;0.0;63.3;1
204;35194;577;vegetables;other vegetables;agave;agave, dried (southwest);341.061185;1710.0;15600.0;0.0;81980.0;0.0;0.0;0.0;50700.0;690.0;3980.0;770.0;3.64;207.0;0.337;37.0;767.0;0.0006;14.0;12.1;0.189;0.021;0.644;0.15;0.216;0.007;0.3;0.0005;0.0;0.0;0.0;0.0;0.0;0.0;0.0;0.0;0.0;0.0;0.0;0.0;0.0;0.0;0.0;0.0;0.0;0.0;0.0;4
205;35134;205;cereals and cereal products;cereals;corn;corn, dried (navajo);386.23327;9880.0;0.0;0.0;74930.0;1483.0;1900.0;820.0;5380.0;5220.0;1860.0;15.0;1.92;124.0;0.848;337.0;511.0;0.0;13.0;3.05;0.195;0.2;0.068;0.38;0.372;0.077;0.0;0.0009;0.0;0.0;0.0;0.0;0.0;0.0;0.0;0.0;0.0;0.0;0.0;0.0;0.0;0.0;0.0;0.0;0.0;0.0;0.0;1
